PRODUCT_ID,PRODUCT_NAME,CLS_FOOD,CLS_ING,MANUAL_LABEL,RULE_LABEL,SEED_LABEL,FINAL_PRED,CONF,LABEL_SOURCE
31354127,[착한낙지] 착한낙지세트 (손질낙지 13팩+ 양념 13팩),1,0,완제품,완제품,완제품,완제품,0.9896347938102382,manual
33484122,더 간편한 육수명장 더진한육수 80gX5팩(총 100알),1,1,식재료,식재료,식재료,식재료,0.9747681014989388,manual
33484123,더 간편한 육수명장 총 120알(더진한육수 80gX3팩+은은한 매운육수 80gX3팩),1,1,식재료,식재료,식재료,식재료,0.9588356374899769,manual
33488513,해통령 시그니처세트 총 75알(진한맛 100g+칼칼한맛 100g+곰탕한알 100g),1,0,완제품,완제품,완제품,완제품,0.986659100197879,manual
33488514,해통령 시그니처세트 총 70알(진한맛 140gX2팩),1,0,완제품,완제품,완제품,완제품,0.9876844962619801,manual
33488515,야채 해물다시팩 150gX5팩(총 50개),1,1,식재료,식재료,식재료,식재료,0.9576559339463303,manual
33488516,디포리 해물다시팩 150gX5팩(총 50봉),1,1,식재료,식재료,식재료,식재료,0.9690012480119411,manual
33488517,더 간편한 육수명장 더 진한 육수 80gX3팩(총 60알),1,1,식재료,식재료,식재료,식재료,0.9759761212024509,manual
33488519,더 간편한 육수명장 총 80알(더 진한 육수 80gX2팩+은은한 매운육수 80gX2팩) ,1,1,식재료,식재료,식재료,식재료,0.9687340763309186,manual
33488521,멸치해물 다시팩 320gX3팩(총 60봉),1,1,식재료,식재료,식재료,식재료,0.9557370899977252,manual
33533368,해통령 육수링 100알(깊고 진한맛 80gX3봉+구수한 사골맛 80gX2봉),1,1,식재료,식재료,식재료,식재료,0.9784090917521744,manual
33533370,해통령 육수링 100알(구수한 사골맛 80gX5봉),1,1,식재료,식재료,식재료,식재료,0.9775003436580478,manual
33533371,해통령 육수링 100알(깊고 진한맛 80gX5봉),1,1,식재료,식재료,식재료,식재료,0.9779587050259307,manual
33545548,해통령 육수링 60알(깊고 진한맛 80gX3봉),1,1,식재료,식재료,식재료,식재료,0.9771084589027655,manual
33595806,강원도 감자 옹심이 150gX8팩+옹심이 소스 20gX8팩,1,0,완제품,식재료,완제품,완제품,0.641323528184918,manual
33728532,홀베리 1일 1레몬 유기농 레몬즙 6박스(총 84포),1,1,식재료,,식재료,식재료,0.9811998895045018,manual
33769560,홀베리 1일 1레몬 유기농 레몬즙 6박스(총 84포),1,1,식재료,,식재료,식재료,0.9811998895045018,manual
33769662,정호영 푸짐한 동태알탕 300gX4팩+해물육수 250gX4팩+양념소스 250gX4팩,1,0,완제품,완제품,완제품,완제품,0.9947549828217502,manual
33801831,하림 닭다리살 양념구이 140gX14팩(마일드맛 7팩+매콤한맛 7팩),1,1,식재료,식재료,식재료,식재료,0.9769907703765842,manual
33855745,어부예찬 촉촉오징어 왕특대 8미(2미X4봉)+오징어채 2봉(50gX2),1,1,식재료,식재료,식재료,식재료,0.9681630609449607,manual
33855921,어부예찬 촉촉오징어 왕특대 4미(2미X2봉)+오징어채 1봉(50g),1,1,식재료,식재료,식재료,식재료,0.9692367197283355,manual
33962918,한경희 건강식 두유 죽 메이커 HESR-D5000,1,0,완제품,완제품,완제품,완제품,0.9853354949463388,manual
33983065,정식품 담백한 베지밀 에이 검은콩두유 80팩,1,1,식재료,식재료,식재료,식재료,0.9799626984036042,manual
33983095,정식품 달콤한 베지밀 비 검은콩두유 80팩,1,1,식재료,식재료,식재료,식재료,0.980343188032736,manual
34001762,하림 뼈없는 양념닭발 3팩+근위볶음이 2팩,1,1,식재료,식재료,식재료,식재료,0.9802139613822312,manual
34080305,목우촌 흑마늘 훈제오리 180gX12팩,1,1,식재료,식재료,식재료,식재료,0.9802628087642126,manual
34084816,한만두 199세트 총10봉(갈비만두X2+왕만두X2+왕교자X2+김치왕교자X2+미니전병X2),1,0,완제품,완제품,완제품,완제품,0.9920879552328848,manual
34086600,완도활전복 특특대 15미 (91~105g),1,1,식재료,,식재료,식재료,0.9725043687190961,manual
34280413,삼육두유 검은콩과 칼슘 40팩(190mlX20팩X2박스),1,1,식재료,식재료,식재료,식재료,0.9779870574375709,manual
34281135,삼육두유 40팩(190mlX20팩X2박스),1,1,식재료,,식재료,식재료,0.9701332896050019,manual
34302419,유정임 돌산갓김치 3kg,1,1,식재료,,식재료,식재료,0.9727678028878802,manual
34302430,실속활전복 20미 (50~60g),1,1,식재료,,식재료,식재료,0.9729424603961978,manual
34397728,알배기 간장 꽃게장 6통+양념 꽃게장 2통,1,0,완제품,완제품,완제품,완제품,0.9890108894506641,manual
34421075,해통령 육수명장 분말스틱 185포(무료체험 5포 포함),1,1,식재료,식재료,식재료,식재료,0.9782763875261159,manual
34421115,해통령 육수명장 분말스틱 185포(무료체험 5포 포함),1,1,식재료,식재료,식재료,식재료,0.9782763875261159,manual
34421709,The미식 장인라면 얼큰한맛(116gX4개입)X2봉+The미식 장인라면 담백한맛(113gX4개입)X1봉+The미식 백미밥 210gX3개,1,0,완제품,완제품,완제품,완제품,0.9999129227631961,manual
34423171,The미식 장인라면 얼큰한맛(116gX4개입)X3봉+The미식 백미밥 210gX3개,1,0,완제품,완제품,완제품,완제품,0.9905778245052702,manual
34423178,The미식 장인라면 담백한맛(113gX4개입)X3봉+The미식 백미밥 210gX3개,1,0,완제품,완제품,완제품,완제품,0.9905676445783893,manual
34442854,주원산 훈제오리슬라이스 150gX12팩,1,1,식재료,,식재료,식재료,0.9715029399575407,manual
34442875,주원산 훈제오리슬라이스 150gX9팩 ,1,1,식재료,,식재료,식재료,0.9682245333320233,manual
34442876,주원산 훈제오리슬라이스 150gX6팩 ,1,1,식재료,,식재료,식재료,0.970660132591277,manual
34442908,주원산 훈제오리슬라이스 150gX12팩+싸먹는 오리슬라이스 80gX4팩 ,1,1,식재료,,식재료,식재료,0.9711900627275026,manual
34443155,하림 뼈없는 닭발 200gX7팩+소스100gX7팩,1,1,식재료,,식재료,식재료,0.9660077487511288,manual
34443725,홀베리 1일 1레몬 유기농 레몬즙 12박스(총 168포),1,1,식재료,,식재료,식재료,0.9815644240021588,manual
34443756,홀베리 1일 1레몬 유기농 레몬즙 12박스(총 168포),1,1,식재료,,식재료,식재료,0.9815644240021588,manual
34444497,정성곳간 한우 스지도가니탕 700gX9팩,1,0,완제품,완제품,완제품,완제품,0.9900061744013358,manual
34444846,정성곳간 한우 스지도가니탕 700gX8팩,1,0,완제품,완제품,완제품,완제품,0.9894960050692471,manual
34444853,정성곳간 한우 스지도가니탕 700gX4팩,1,0,완제품,완제품,완제품,완제품,0.9896831668405831,manual
34473605,홀베리 1일 1당근 유기농 당근주스 8박스(총 112포),1,0,완제품,완제품,완제품,완제품,0.983599089899796,manual
34473922,홀베리 1일 1당근 유기농 당근주스 4박스(총 56포),1,0,완제품,완제품,완제품,완제품,0.9838474236731253,manual
34473972,홀베리 1일 1당근 유기농 당근주스 1박스(총 14포),1,0,완제품,완제품,완제품,완제품,0.9834360187281387,manual
34475450,정식품 달콤한 베지밀 비 검은콩두유 80팩,1,1,식재료,식재료,식재료,식재료,0.980343188032736,manual
34481185,실속 못난이 백명란 500gX3통,1,1,식재료,,식재료,식재료,0.96945920425864,manual
34481186,실속 못난이 백명란 500gX5통,1,1,식재료,,식재료,식재료,0.972701392201765,manual
34498538,유정임 열무김치 2kg,1,1,식재료,,식재료,식재료,0.9744711088091699,manual
34498544,유정임 돌산갓김치 1kg,1,1,식재료,,식재료,식재료,0.9731121383718527,manual
34505809,정성곳간 한우 스지도가니탕(700gX8팩)X10세트,1,0,완제품,완제품,완제품,완제품,0.9912098054015449,manual
34518816,정호영 신선담은 간장게장 700gX3통+양념게장 300gX3통,1,0,완제품,완제품,완제품,완제품,0.9904654822793519,manual
34518822,정호영 신선담은 간장게장 700gX2통+양념게장 300gX1통,1,0,완제품,완제품,완제품,완제품,0.9888679494501726,manual
34526942,실속 못난이 백명란 500gX3통,1,1,식재료,,식재료,식재료,0.96945920425864,manual
34576196,두부품은 호박국수 양배추국수 8개 세트(호박국수 180gX4개+양배추국수 180gX4개+비빔소스 4개+모밀소스 2개+해물스프 2개),1,0,완제품,완제품,완제품,완제품,0.9917727059974766,manual
34588827,정호영 신선담은 게장 총 8통 (간장게장3통+양념게장3통+(방송중혜택)간장게장1통+양념게장1통 더) ,1,0,완제품,완제품,완제품,완제품,0.9887636046286827,manual
34592880,정호영의 정성담은 푸짐한 동태알탕 300gX3팩,1,0,완제품,완제품,완제품,완제품,0.9895342904999692,manual
34592882,정호영의 정성담은 푸짐한 동태알탕 300gX5팩,1,0,완제품,완제품,완제품,완제품,0.9872170555487249,manual
34592884,정호영셰프의 신선담은 양념게장 300gX3팩,1,0,완제품,완제품,완제품,완제품,0.9949304230045769,manual
34610005,정호영셰프의 황제소갈비찜 500gX7팩,1,0,완제품,,완제품,완제품,0.747096053101966,manual
34663282,국내산 절단 꽃게 9팩(총 3.15kg),1,1,식재료,식재료,식재료,식재료,0.9793937883808891,manual
34663389,알렉스 손질 통 주꾸미 100미(20미X5팩)+매콤양념 소스 1병,1,1,식재료,식재료,식재료,식재료,0.9790795129486897,manual
34678149,아침엔 클렌즈 유기농 CCA주스 6박스(84포),1,0,완제품,완제품,완제품,완제품,0.986575033215971,manual
34678151,아침엔 클렌즈 유기농 CCA주스 3박스(42포) ,1,0,완제품,완제품,완제품,완제품,0.9873106297060831,manual
34684789,홀베리 유기농 레몬 애사비 애플사이다비니거 8박스(총 112포),1,1,식재료,,식재료,식재료,0.9791773546148249,manual
34708083,하림 직화 무뼈닭발 180gX2팩+직화 닭목살(매콤한맛) 200gX1팩(총 3팩),1,1,식재료,,식재료,식재료,0.9780323789498064,manual
34708125,하림 직화 무뼈닭발 180gX3팩 ,1,1,식재료,,식재료,식재료,0.9705732807249582,manual
34708166,하림 직화 닭목살(매콤한맛) 200gX3팩,1,1,식재료,,식재료,식재료,0.9674066059076988,manual
34710465,정호영셰프의 국내산 햇 절단꽃게 350gX8팩,1,1,식재료,식재료,식재료,식재료,0.9680010728127547,manual
34719283,정호영셰프의 신선담은 문어 슬라이스 6팩,1,1,식재료,,식재료,식재료,0.9637033829881059,manual
34739019,(방송중2팩더)정호영셰프의 손질 왕 낙지 170gX11팩+볶음소스 50gX11팩,1,1,식재료,식재료,식재료,식재료,0.9201601842692345,manual
34749035,정호영셰프의 손질 왕 낙지 170gX9팩+볶음소스 50gX9팩,1,0,완제품,식재료,완제품,완제품,0.6544673500846038,manual
34784149,정호영셰프의 손질 왕 낙지 170gX7팩+볶음소스 50gX7팩,1,0,완제품,식재료,완제품,완제품,0.6610309898894312,manual
34784179,정호영셰프의 손질 왕 낙지 170gX4팩+볶음소스 50gX4팩,1,0,완제품,식재료,완제품,완제품,0.656668254837582,manual
34784728,유정임 파김치 1kg,1,1,식재료,,식재료,식재료,0.9734401945274206,manual
34784730,유정임 파김치 2kg,1,1,식재료,,식재료,식재료,0.974162433551719,manual
34785986,현미보리 칼국수 17개(현미 9개+보리 8개),1,1,식재료,식재료,식재료,식재료,0.9692180718505296,manual
34793408,완도활전복 특대 15미 (81~90g),1,1,식재료,,식재료,식재료,0.9755677921669407,manual
34806615,한미 완전두유 80팩(호두아몬드 48팩+검은콩칼슘 32팩),1,1,식재료,식재료,식재료,식재료,0.9781147741657431,manual
34809210,고래사 간식어묵세트 8종(총 10봉),1,0,완제품,완제품,완제품,완제품,0.98757046904594,manual
34809211,고래사 어묵탕세트 7종,1,0,완제품,완제품,완제품,완제품,0.9885005210864749,manual
34832715,고래사 프리미엄 어묵 세트 17종+(방송중에만)어묵면 떡볶이(총 18종),1,0,완제품,완제품,완제품,완제품,0.9862233142373521,manual
34832735,고래사 프리미엄 어묵 세트 17종,1,0,완제품,완제품,완제품,완제품,0.9859070948225773,manual
34834645,정호영셰프의 신선담은 손질 왕낙지 170gX6팩,1,1,식재료,식재료,식재료,식재료,0.9690165847977653,manual
34834647,정호영셰프의 신선담은 손질 왕낙지 170gX9팩,1,1,식재료,식재료,식재료,식재료,0.9624982638185472,manual
34846128,목우촌 왕만두 910gX3팩,1,1,식재료,,식재료,식재료,0.9661889022849607,manual
34846141,목우촌 교자만두 1kgX3팩,1,1,식재료,,식재료,식재료,0.9681982730535558,manual
34858518,홀베리 유기농 양배추즙 8박스(총 112포),1,1,식재료,,식재료,식재료,0.9794118334316346,manual
34858519,홀베리 유기농 양배추즙 4박스(총 56포),1,1,식재료,,식재료,식재료,0.9785579874118294,manual
34874988,정호영 국내산 자연산 대하 250gX6팩,1,1,식재료,,식재료,식재료,0.9748461653717405,manual
34886012,유정임 나박김치 3kg,1,1,식재료,,식재료,식재료,0.9724749861854538,manual
34892637,The미식 오징어라면 2봉 (8개입)  ,1,0,완제품,완제품,완제품,완제품,0.9900556921792596,manual
34899377,김선영 제주 월동 배추우거지 300gX10팩,1,1,식재료,,식재료,식재료,0.9727057078294471,manual
34899379,김선영 제주 월동 무청시래기 300gX10팩,1,1,식재료,,식재료,식재료,0.9727089600223208,manual
34905014,보리담은 찰보리빵 28gX100개 (단팥 60개+쑥 40개),1,0,완제품,완제품,완제품,완제품,0.9898131520507719,manual
34922944,"자연산 호롱낙지 1.8kg (900gX2팩, 총 46~64미)  ",1,1,식재료,식재료,식재료,식재료,0.9784892993753638,manual
34925265,목우촌 주부9단 한우사골곰탕 450gX10팩,1,0,완제품,완제품,완제품,완제품,0.9880765920626225,manual
34925335,목우촌 주부9단 한우도가니탕 3팩,1,0,완제품,완제품,완제품,완제품,0.9847948167708068,manual
34940002,[착한낙지] 착한낙지세트 (손질낙지 8팩+ 양념 8팩),1,0,완제품,완제품,완제품,완제품,0.9895423418095373,manual
34945596,정호영 특대 수협제주은갈치 300g(4토막)X6팩+조림소스,1,1,식재료,,식재료,식재료,0.9698284003415735,manual
34945603,정호영 셰프의 황제 소갈비찜 500gX7팩,1,1,식재료,,식재료,식재료,0.7662825010189481,manual
34949526,국내산 손질 갑오징어 9팩/1.8kg 이상,1,1,식재료,식재료,식재료,식재료,0.9789663634174829,manual
34957965,영산포 숙성 홍어회 총 6팩 (모둠회 150gX3팩+몸살회 150gX3팩),1,1,식재료,,식재료,식재료,0.9704817816754089,manual
34958011,영산포 숙성 홍어회 총 3팩 (모둠회 150gX2팩+몸살회 150gX1팩),1,1,식재료,,식재료,식재료,0.9754279145021302,manual
34979742,최명희명인 수제고추장 3.5kg(고춧가루 500g+찹쌀 달인 물 1kg+조청 1.5kg+메주가루 100g+현미보리가루 100g),1,1,식재료,식재료,식재료,식재료,0.9467505140643592,manual
34979967,안동제비원 전통청국장 130gX8개,1,1,식재료,,식재료,식재료,0.9694998963818365,manual
35010333,보리담은 찰보리빵(단팥) 28gX50개,1,0,완제품,완제품,완제품,완제품,0.9923242520771396,manual
35016233,하림 리얼마늘 훈제치킨 210gX14팩,1,1,식재료,식재료,식재료,식재료,0.9771824913704258,manual
35031235,한식천하 정애리 일품 뼈없는 한우 암소 우족탕 8팩,1,0,완제품,완제품,완제품,완제품,0.9840038366810496,manual
35041866,신화당제과 우리쌀로 만든 인절미 스낵 28gX20봉,1,0,완제품,완제품,완제품,완제품,0.9882575967011314,manual
35041872,(방송에서만 2팩 더)정호영셰프의 신선담은 손질 왕낙지 170gX11팩,1,1,식재료,식재료,식재료,식재료,0.9792368692615031,manual
35047351,서울F&B 고칼슘두유습관 80팩(호두아몬드 190mlX40팩+검은참깨 190mlX40팩),1,1,식재료,식재료,식재료,식재료,0.9735077662798949,manual
35049231,최명희명인 수제고추장 7kg(고춧가루1kg+찹쌀 달인 물 2kg+조청 3kg+메주가루 200g+현미보리가루 100g),1,1,식재료,식재료,식재료,식재료,0.9436727993644102,manual
35050683,(무)농협한삼인 홍삼진플러스 36박스(총 180포)+쇼핑백 6개,1,0,완제품,완제품,완제품,완제품,0.9881586926403555,manual
35051044,(일)농협한삼인 홍삼진플러스 36박스(총 180포)+쇼핑백 6개,1,0,완제품,완제품,완제품,완제품,0.9881600363378183,manual
35053066,농협한삼인 홍삼진플러스 18박스(총 90포)+쇼핑백 3개,1,0,완제품,완제품,완제품,완제품,0.9880995435948399,manual
35053087,농협한삼인 홍삼진플러스 36박스(총 180포)+쇼핑백 6개,1,0,완제품,완제품,완제품,완제품,0.9875112750610117,manual
35053133,농협한삼인 홍삼진플러스 6박스(총 30포)+쇼핑백,1,0,완제품,완제품,완제품,완제품,0.9881040056851574,manual
35055533,정호영 국내산 손질문어 총 10팩 (1.5kg),1,1,식재료,,식재료,식재료,0.9790875264239762,manual
35055549,정호영 신토불이 국내산 손질 문어 8팩 (1.2kg),1,1,식재료,,식재료,식재료,0.9777492187176907,manual
35055560,(한삼인)산삼배양근본 20mlX30병+쇼핑백,1,1,식재료,,식재료,식재료,0.9659959265136742,manual
35055563,(한삼인)홍삼진 굿데이앰플 20gX20병+쇼핑백,1,0,완제품,완제품,완제품,완제품,0.9904273731867361,manual
35055565,(한삼인)홍삼진 굿데이스틱 10mlX60포X2세트+쇼핑백,1,0,완제품,완제품,완제품,완제품,0.9999038510166862,manual
35055566,(한삼인)홍삼진 굿데이스틱 10mlX60포+쇼핑백,1,0,완제품,완제품,완제품,완제품,0.9897652392070023,manual
35059960,사조 숙성 훈제오리 180gX11팩+1팩(총 12팩),1,1,식재료,,식재료,식재료,0.9782184971958233,manual
35062135,정호영셰프의 실속 해물모둠 6팩,1,1,식재료,식재료,식재료,식재료,0.967869593712012,manual
35062192,정호영셰프의 실속 해물모둠 2팩,1,1,식재료,식재료,식재료,식재료,0.9672127652408257,manual
35066746,농협한삼인 홍삼진플러스 18박스(총 90포)+쇼핑백 3개,1,0,완제품,완제품,완제품,완제품,0.9880995435948399,manual
35069288,두부품은 호박국수 양배추국수 18개 세트(호박국수 180gX9개+양배추국수 180gX9개+비빔소스 10개+모밀소스 4개+해물스프 4개),1,0,완제품,완제품,완제품,완제품,0.992982248043467,manual
35070350,알렉스 찹쌀 전복내장죽 8팩 ,1,0,완제품,완제품,완제품,완제품,0.989310391719708,manual
35070351,알렉스 찹쌀 전복내장죽 5팩 ,1,0,완제품,완제품,완제품,완제품,0.9885886930288565,manual
35070426,알렉스 찹쌀 전복내장죽 1팩 ,1,0,완제품,완제품,완제품,완제품,0.9894874981614725,manual
35080189,정식품 고단백 베지밀 32팩+담백한 베지밀에이 검은콩두유 32팩(총 64팩),1,1,식재료,식재료,식재료,식재료,0.9810448820581237,manual
35080217,정식품 고단백 베지밀 32팩+검은콩 고칼슘두유 32팩(총 64팩),1,1,식재료,식재료,식재료,식재료,0.9811404504870914,manual
35080226,정식품 베지밀 검은콩 아몬드호두 32팩+검은콩 검은참깨두유 32팩(총 64팩),1,1,식재료,식재료,식재료,식재료,0.9672314861721434,manual
35080227,정식품 베지밀 검은콩 아몬드호두 32팩+달콤한 베지밀 비 검은콩두유 32팩(총 64팩),1,1,식재료,식재료,식재료,식재료,0.9788341172498769,manual
35080228,정식품 베지밀 고칼슘 두유 하이칼슘 32팩+검은콩 고칼슘두유 32팩(총 64팩),1,1,식재료,식재료,식재료,식재료,0.9835054647492774,manual
35080318,정식품 고단백 베지밀 32팩+17곡 한끼두유 32팩(총 64팩),1,1,식재료,,식재료,식재료,0.9753402965087652,manual
35080320,정식품 베지밀 꼭꼭 씹히는 애플망고두유 64팩,1,1,식재료,,식재료,식재료,0.9741678975249443,manual
35080988,김하진의 한우 특 양곰탕 700gX10팩+매콤 양념장 20gX10팩    ,1,0,완제품,완제품,완제품,완제품,0.988539404723293,manual
35082919,정성곳간 뼈없는 갈비탕 10팩,1,0,완제품,완제품,완제품,완제품,0.9867000989349388,manual
35083978,정성곳간 뼈없는 갈비탕 8팩,1,0,완제품,완제품,완제품,완제품,0.9868291589356364,manual
35093299,목우촌 생생 삼계탕 1kgX3팩,1,0,완제품,완제품,완제품,완제품,0.9876481716535368,manual
35093504,목우촌 생생 녹두삼계탕 1kgX3팩,1,0,완제품,완제품,완제품,완제품,0.9878374838462808,manual
35093592,목우촌 주부9단 살코기햄 1kgX2개,1,1,식재료,,식재료,식재료,0.9712434077947525,manual
35105383,(방송중에만 2팩 더) 조리기능장 임성근의 진 삼계탕 1kgX10팩  ,1,0,완제품,완제품,완제품,완제품,0.9842662112354931,manual
35107306,정성곳간 포기김치 10kg,1,1,식재료,,식재료,식재료,0.9790965795726038,manual
35116372,두부품은 호박국수 양배추국수 18개 세트(호박국수 180gX9개+양배추국수 180gX9개+비빔소스 10개+모밀소스 4개+해물스프 4개),1,0,완제품,완제품,완제품,완제품,0.992982248043467,manual
35138067,정호영셰프의 기운센 민물장어구이 150gX7팩,1,0,완제품,식재료,완제품,완제품,0.6293923927133053,manual
35138902,전철우고향랭면 평양냉면 18인분(면 18팩+육수 10팩+비빔장 8팩),1,0,완제품,완제품,완제품,완제품,0.9895749416937676,manual
35149451,주원산오리 싸먹는 오리슬라이스 80gX14팩  ,1,1,식재료,,식재료,식재료,0.9716556728987084,manual
35149452,(방송에서만 3팩더) 주원산오리 싸먹는 오리슬라이스 80gX17팩  ,1,1,식재료,,식재료,식재료,0.9740897919380385,manual
35158278,(50%세일)농협한삼인 홍삼진플러스 36박스(총 180포)+쇼핑백 6개,1,0,완제품,완제품,완제품,완제품,0.9881102509884571,manual
35158410,(50%세일)농협한삼인 홍삼진플러스 18박스(총 90포)+쇼핑백 3개,1,0,완제품,완제품,완제품,완제품,0.9886113222463419,manual
35161050,홀베리 유기농 레몬자몽즙 6박스(총 84포),1,1,식재료,,식재료,식재료,0.9792667121323887,manual
35161066,홀베리 유기농 레몬자몽즙 12박스(총 168포),1,1,식재료,,식재료,식재료,0.9799202145923523,manual
35167735,정호영셰프의 손질한치 200g (5~7미)X10팩    ,1,1,식재료,,식재료,식재료,0.9610902371134236,manual
35174514,(방송중에만 1팩 더) 임성근의 국내산 특 내장탕 800gX11팩   ,1,0,완제품,완제품,완제품,완제품,0.983013563013559,manual
35174519,임성근의 국내산 특 내장탕 800gX10팩  ,1,0,완제품,완제품,완제품,완제품,0.9872696905672674,manual
35184844,보리담은 찰보리빵 3종 28gX100개 (단팥 60개+쑥 20개+유자 20개)  ,1,0,완제품,완제품,완제품,완제품,0.9898501668577984,manual
35187461,목우촌 흑마늘 훈제오리 180gX8팩,1,1,식재료,식재료,식재료,식재료,0.9783196085239888,manual
35188018,정호영셰프의 손질한치 200g (5~7미)X8팩  ,1,1,식재료,,식재료,식재료,0.9605854181029763,manual
35195422,보리담은 찰보리빵 3종 28gX100개 (단팥60개+쑥20개+유자20개)    ,1,0,완제품,완제품,완제품,완제품,0.9926713690405801,manual
35196940,(방송에서만 2팩 더) 김하진의 궁중 뼈없는 갈비탕 800gX12팩  ,1,0,완제품,완제품,완제품,완제품,0.9839239252062097,manual
35197170,김하진의 궁중 뼈없는 갈비탕 800gX10팩  ,1,0,완제품,완제품,완제품,완제품,0.987507234998675,manual
35201409,보넬드 아이엠 당근주스 12병,1,0,완제품,완제품,완제품,완제품,0.9881198544711793,manual
35206482,"자연산 손질 서대 1kgX2팩 (팩당 12~14미, 총 24~28미)  ",1,1,식재료,,식재료,식재료,0.9769641339503897,manual
35207644,베네팜 동결건조 유기농 곱슬케일 컬리케일 (1박스),1,1,식재료,,식재료,식재료,0.9790155194782729,manual
35207646,베네팜 동결건조 유기농 곱슬케일 컬리케일 (2박스),1,1,식재료,,식재료,식재료,0.9792897565879347,manual
35207648,베네팜 동결건조 유기농 곱슬케일 컬리케일 (3박스),1,1,식재료,,식재료,식재료,0.9791456948695562,manual
35207652,베네팜 동결건조 유기농 곱슬케일 컬리케일 (4박스),1,1,식재료,,식재료,식재료,0.9789598010279211,manual
35207731,어부예찬 촉촉오징어 왕특대 8미(2미X4봉)+오징어채 2봉(50gX2),1,1,식재료,식재료,식재료,식재료,0.9681630609449607,manual
35208966,엠디스픽 무향자차 수분 선크림 SPF50+/PA++++ 50ml 2개,1,0,완제품,완제품,완제품,완제품,0.9859927331982644,manual
35213132,신화당제과 우리쌀 전병 9박스+인절미스낵 5봉,1,0,완제품,완제품,완제품,완제품,0.9890456497045886,manual
35216209,정호영셰프의 손질한치 200g (5~7미)X6팩  ,1,1,식재료,,식재료,식재료,0.9610346902334213,manual
35216210,정호영셰프의 손질한치 200g (5~7미)X3팩  ,1,1,식재료,,식재료,식재료,0.959570346019194,manual
35217999,정호영의 국내산 손질 민물장어 1kg (100g내외X10팩)+소스 30gX5팩  ,1,1,식재료,식재료,식재료,식재료,0.9781721347838547,manual
35219178,뉴밋 유기농 엑스트라버진 올리브오일 100% 3박스,1,1,식재료,,식재료,식재료,0.9808643555670371,manual
35219181,뉴밋 유기농 엑스트라버진 올리브오일 100% 5박스,1,1,식재료,,식재료,식재료,0.9814090479943341,manual
35219182,김선영의 새싹보리냉면 18인분(물X10+비빔X8),1,0,완제품,완제품,완제품,완제품,0.9919460512536409,manual
35219613,정호영셰프의 기운센 민물장어구이 3팩  ,1,1,식재료,식재료,식재료,식재료,0.9094428753232178,manual
35222543,정성곳간 포기김치 5kg,1,1,식재료,,식재료,식재료,0.9780273854641162,manual
35222545,정성곳간 포기김치 3kg,1,1,식재료,,식재료,식재료,0.977198278056223,manual
35231333,영광법성포 굴비 소장대 60미+10미,1,1,식재료,식재료,식재료,식재료,0.9775925254966649,manual
35231577,정호영셰프의 손질한치 200g (5~7미)X4팩  ,1,1,식재료,,식재료,식재료,0.9604348344546826,manual
35231578,정호영셰프의 신선담은 문어 슬라이스 100gX4팩  ,1,1,식재료,,식재료,식재료,0.9605886045009279,manual
35231579,정호영셰프의 신선담은 문어 슬라이스 100gX8팩  ,1,1,식재료,,식재료,식재료,0.960938798733562,manual
35231580,못난이 자연산 데친문어 150gX5팩  ,1,1,식재료,,식재료,식재료,0.9706429519179132,manual
35231581,정호영셰프의 황제소갈비찜 500gX3팩  ,1,0,완제품,,완제품,완제품,0.8106770968786736,manual
35231582,정호영셰프의 실속 해물모둠 220gX4팩  ,1,1,식재료,식재료,식재료,식재료,0.9668354380068248,manual
35231583,정호영셰프의 실속 해물모둠 220gX8팩   ,1,1,식재료,식재료,식재료,식재료,0.9668900495581618,manual
35231584,정호영셰프 제주 은갈치 300g (4토막)X6팩+비법 조림 소스 240gX1통   ,1,1,식재료,,식재료,식재료,0.9719104125460278,manual
35246487,밤뜨래 국내산 우리나라 맛밤 15봉,1,1,식재료,,식재료,식재료,0.9784669335766657,manual
35246556,김하진의 궁중 갈비수육탕 700g X 14팩,1,0,완제품,완제품,완제품,완제품,0.9847105846115337,manual
35246558,김하진의 궁중 갈비수육탕 700g X 14팩,1,0,완제품,완제품,완제품,완제품,0.9847105846115337,manual
35246857,해남 땅끝마을 쌍둥이네 김치 8kg,1,1,식재료,,식재료,식재료,0.9781692116337067,manual
35251325,완도금일수협 특대사이즈 완도 자숙 손질 전복 18미,1,1,식재료,,식재료,식재료,0.9782215767521375,manual
35251645,해초미인 다시마면 27인분,1,1,식재료,식재료,식재료,식재료,0.9756974015067382,manual
35252249,구룡포 마른 오징어 특대 20미 (총 1.2kg),1,1,식재료,식재료,식재료,식재료,0.9827555729708747,manual
35256452,이롬 유기농 ABC 주스 20팩,1,0,완제품,완제품,완제품,완제품,0.9860926105220614,manual
35256459,티젠 애플 사이다 비니거 30스틱X2박스,1,1,식재료,,식재료,식재료,0.9731222988732338,manual
35256460,티젠 콤부차 인기5종 혼합 10스틱X5박스(레몬/피치/유자/라즈베리/청귤라임),1,0,완제품,완제품,완제품,완제품,0.9901607224716953,manual
35256681,티젠 콤부차 인기2종 혼합 30스틱X2박스(매실/피치),1,0,완제품,완제품,완제품,완제품,0.9879819824868937,manual
35261114,티젠 콤부차 인기2종 혼합 30스틱X2박스(파인애플/레몬),1,0,완제품,완제품,완제품,완제품,0.9883521951803202,manual
35261123,티젠 콤부차 파인애플 30스틱X3박스,1,0,완제품,완제품,완제품,완제품,0.9879603754205136,manual
35261171,티젠 콤부차 인기3종 혼합 30스틱X3박스(피치/매실/파인애플),1,0,완제품,완제품,완제품,완제품,0.9890116718930134,manual
35261213,티젠 콤부차 인기3종 혼합 30스틱X3박스(레몬/샤인머스캣/파인애플),1,0,완제품,완제품,완제품,완제품,0.9894308227780799,manual
35261335,티젠 콤부차 인기 6종 혼합 60스틱(레몬/파인애플/매실/피치/샤인머스캣/망고),1,0,완제품,완제품,완제품,완제품,0.9889861286427938,manual
35261336,티젠 콤부차 인기 7종 혼합 70스틱(매실/청귤/스트로베리/샤인머스캣/파인애플/피치/레몬),1,0,완제품,완제품,완제품,완제품,0.9898235795330228,manual
35261338,티젠 콤부차 인기 12종 혼합 120스틱(레몬/매실/파인 포함 12가지맛),1,0,완제품,완제품,완제품,완제품,0.9843361768710356,manual
35264969,이롬 유기농 CCA 주스 20팩,1,0,완제품,완제품,완제품,완제품,0.9868030660863639,manual
35264971,더 촉촉한 도넛(오리지널X15+버터X15+아몬드X15)/총 45개,1,0,완제품,완제품,완제품,완제품,0.9906698324389417,manual
35265415,[콤부차 1위 브랜드] 티젠 시그니처 콤부차 매실 액상스틱 6박스(84포),1,0,완제품,완제품,완제품,완제품,0.9998048562531486,manual
35268866,(방송중에만 2팩 더) 조리기능장 임성근의 특 소곱창전골 800gX10팩,1,0,완제품,완제품,완제품,완제품,0.9846306426008092,manual
35268867,조리기능장 임성근의 특 소곱창전골 800gX8팩,1,0,완제품,완제품,완제품,완제품,0.9883074537033236,manual
35269229,이롬 황성주 검은콩 무가당 두유 190mlX80팩 (20팩X4박스)  ,1,1,식재료,식재료,식재료,식재료,0.9800750076852948,manual
35275504,제주 수산물 3종(갈치 45토막+자반고등어 4마리+굴비 10마리),1,1,식재료,식재료,식재료,식재료,0.9785433645691395,manual
35276920,유기농 지리산 상황버섯쌀 1팩 ,1,1,식재료,식재료,식재료,식재료,0.9786790277879152,manual
35276922,유기농 지리산 상황버섯쌀 5팩 ,1,1,식재료,식재료,식재료,식재료,0.9800884995638904,manual
35277672,(마시는 기능성 홍삼수)농협한삼인 홍기천스틱 24박스(240포)+쇼핑백 8개,1,0,완제품,완제품,완제품,완제품,0.9876582087720491,manual
35277815,정호영셰프의 1kg 뼈없는 갈비탕 8팩,1,0,완제품,완제품,완제품,완제품,0.9944333469073485,manual
35281680,유기농 지리산 상황버섯쌀 15팩 ,1,1,식재료,식재료,식재료,식재료,0.9780981719906133,manual
35285391,보넬드 아이엠 당근주스 12병,1,0,완제품,완제품,완제품,완제품,0.9881198544711793,manual
35285420,유기농 지리산 상황버섯쌀 20팩 ,1,1,식재료,식재료,식재료,식재료,0.9791548312959512,manual
35290796,(마시는 기능성 홍삼수)농협한삼인 홍기천스틱 3박스(30포)+쇼핑백 1개,1,0,완제품,완제품,완제품,완제품,0.9875952089428756,manual
35290811,(방송에서만 1팩 더) 제주산 25년 햇 고사리 100gX13팩  ,1,1,식재료,식재료,식재료,식재료,0.9822477641536095,manual
35294157,(방송중에만 1통 더) 조리기능장 임성근의 만능간장소스 500gX6통  ,1,1,식재료,식재료,식재료,식재료,0.9759288143003223,manual
35294159,조리기능장 임성근의 만능간장소스 500gX5통  ,1,1,식재료,식재료,식재료,식재료,0.9720904481883171,manual
35295141,고삼숙명장의 육젓 2kg (500gX4통),1,1,식재료,,식재료,식재료,0.9710952714153614,manual
35295328,한식천하 정애리 일품 뼈없는 한우 암소 우족탕 10팩,1,0,완제품,완제품,완제품,완제품,0.984023060542973,manual
35297447,기운찬 고창 민물장어 900g(6~7미)+소스 4개,1,1,식재료,식재료,식재료,식재료,0.9782106900089138,manual
35298839,제주산 25년 햇 고사리 100gX10팩  ,1,1,식재료,식재료,식재료,식재료,0.9799614819721092,manual
35299530,정호영셰프의 1kg 뼈없는 갈비탕 4팩,1,0,완제품,완제품,완제품,완제품,0.9943049548721765,manual
35301813,뉴밋 유기농 엑스트라버진 올리브오일 100% 10+5박스/총 15박스,1,1,식재료,,식재료,식재료,0.980180153970005,manual
35302459,뉴밋 유기농 엑스트라버진 올리브오일 100% 10박스,1,1,식재료,,식재료,식재료,0.9814887943611382,manual
35303601,대성제과 우리쌀과자 12팩,1,0,완제품,완제품,완제품,완제품,0.9902879959884444,manual
35304262,(방송에서만 50%세일)홀베리 1일 1레몬 유기농 레몬즙 12박스(총 168포),1,1,식재료,,식재료,식재료,0.9812033627219091,manual
35308070,수산천하 힘찬 고창 민물 장어 800g(4~5미) ,1,1,식재료,식재료,식재료,식재료,0.9790088425909881,manual
35309776,이롬 유기농 ABC 주스 40팩,1,0,완제품,완제품,완제품,완제품,0.9846088345979093,manual
35309816,이롬 유기농 ABC 주스 60팩,1,0,완제품,완제품,완제품,완제품,0.9853022352525379,manual
35309864,이롬 유기농 ABC 주스 80팩,1,0,완제품,완제품,완제품,완제품,0.985057520165638,manual
35309886,이롬 유기농 CCA 주스 40팩,1,0,완제품,완제품,완제품,완제품,0.9852460097017063,manual
35310143,이롬 유기농 CCA 주스 60팩,1,0,완제품,완제품,완제품,완제품,0.9859652196386378,manual
35310144,이롬 유기농 CCA 주스 80팩,1,0,완제품,완제품,완제품,완제품,0.9856989621519676,manual
35310476,정식품 베지밀 고단백두유 검은콩 총 80팩,1,1,식재료,식재료,식재료,식재료,0.9806915411620146,manual
35313412,"(방송중 1팩 더) 국내산 흑산도 홍어회 5+1팩 (모둠회100g+초장20g, 총 6팩)  ",1,1,식재료,,식재료,식재료,0.9807772204510902,manual
35313457,(보양특집전) 완도활전복 (특대 10미(81~90g)+참전복 15미(40~50g)) ,1,1,식재료,,식재료,식재료,0.9757811164444702,manual
35313888,거문도 해풍 쑥떡 세트(쑥개떡 4봉+쑥송편 3봉/총 7봉),1,0,완제품,완제품,완제품,완제품,0.984355698941246,manual
35313904,정호영셰프의 황제 소갈비찜 500gX3팩,1,0,완제품,,완제품,완제품,0.6964148546780526,manual
35315217,얼려먹는 밀크빙수 (200mlX12팩)X2박스+통통단팥 120gX4캔,1,0,완제품,완제품,완제품,완제품,0.9890513074527862,manual
35315246,얼려먹는 밀크빙수 (200mlX12팩)X1박스+오곡빙수 (200mlX12팩)X1박스+통통단팥 120gX4캔,1,0,완제품,완제품,완제품,완제품,0.9999032057807521,manual
35315361,이롬 얼려먹는 밀크빙수(200mlX12팩)X1박스,1,0,완제품,완제품,완제품,완제품,0.9896790668924575,manual
35315418,이롬 얼려먹는 오곡빙수(200mlX12팩)X1박스,1,0,완제품,완제품,완제품,완제품,0.989686908874346,manual
35321361,손질 통오징어 200g(2미)X10팩(총 20미)  ,1,1,식재료,식재료,식재료,식재료,0.9780921285144406,manual
35321363,(방송에서만 1팩 더)손질통오징어 200g(2미)X10+1팩 (총 22미)  ,1,1,식재료,식재료,식재료,식재료,0.977990123142899,manual
35321998,[콤부차 1위 브랜드] 티젠 시그니처 콤부차혼합 23박스(258포) + 보틀,1,0,완제품,완제품,완제품,완제품,0.9998176217742989,manual
35322194,행복한 김씨곳간 흑염소탕 7팩,1,0,완제품,완제품,완제품,완제품,0.9869294622337955,manual
35324290,나주배로 숙성한 훈제오리 180gX10팩,1,1,식재료,,식재료,식재료,0.9774231385238495,manual
35324292,나주배로 숙성한 훈제오리 180g X 8팩,1,1,식재료,,식재료,식재료,0.9801048571364054,manual
35325535,해통령 육수명장 분말스틱 165포(무료체험 5포 포함)+냉육수 40포,1,1,식재료,식재료,식재료,식재료,0.9721353317728956,manual
35325536,해통령 육수명장 분말스틱 165포(무료체험 5포 포함)+냉육수 40포,1,1,식재료,식재료,식재료,식재료,0.9721353317728956,manual
35325890,손질 통오징어 200g(2미)X12팩/총 24미,1,1,식재료,식재료,식재료,식재료,0.9770624080244493,manual
35327683,제주 수산물 3종(갈치 21토막+자반고등어 4마리+굴비 10마리),1,1,식재료,식재료,식재료,식재료,0.9784687968981727,manual
35327687,(방송중에만 2팩 더) 조리기능장 임성근의 특 키로 갈비탕 1kgX10팩  ,1,0,완제품,완제품,완제품,완제품,0.9832824946129399,manual
35327688,조리기능장 임성근의 특 키로 갈비탕 1kgX8팩,1,0,완제품,완제품,완제품,완제품,0.9864639741930533,manual
35327993,(방송중에만 1팩 더) 임성근의 한끗다른 특 토종순대국 600gX11팩  ,1,0,완제품,완제품,완제품,완제품,0.983302640783127,manual
35327994,임성근의 한끗다른 특 토종순대국 600gX10팩,1,0,완제품,완제품,완제품,완제품,0.9875998103936263,manual
35328790,명미당 제주쑥 현미떡 2종/80개(현미밥알떡X40+현미인절미X40),1,0,완제품,,완제품,완제품,0.6420730483657656,manual
35329438,얼려먹는 밀크빙수 2박스(200mlX24팩)+통통단팥 120gX4캔,1,0,완제품,완제품,완제품,완제품,0.9888336510304669,manual
35329440,얼려먹는 밀크빙수 (200mlX12팩)X1박스+오곡빙수 (200mlX12팩)X1박스+통통단팥 120gX4캔,1,0,완제품,완제품,완제품,완제품,0.9999032057807521,manual
35329470,이롬 통통단팥 120gX8캔,1,1,식재료,,식재료,식재료,0.973637030617659,manual
35329471,이롬 통통단팥 120gX4캔,1,1,식재료,,식재료,식재료,0.9743722047769285,manual
35329482,(25년 고랭지배추) 유정임 프리미엄 포기김치 8kg  ,1,1,식재료,,식재료,식재료,0.9788830310847872,manual
35329543,(마시는 기능성 홍삼수)농협한삼인 홍기천스틱 30박스(300포)+쇼핑백 10개,1,0,완제품,완제품,완제품,완제품,0.9892068171663707,manual
35329544,(마시는 기능성 홍삼수)농협한삼인 홍기천스틱 15박스(150포)+쇼핑백 5개,1,0,완제품,완제품,완제품,완제품,0.990593917852931,manual
35330437,자일리톨스톤 3개입(오리지널맛+페퍼민트부스터+레몬향),1,0,완제품,,완제품,완제품,0.6437523138434339,manual
35330969,정관장 홍삼정마일드센스 8박스/총240포,1,0,완제품,완제품,완제품,완제품,0.9897758816450121,manual
35331136,정관장 홍삼정마일드센스 2박스/총60포,1,0,완제품,완제품,완제품,완제품,0.9897580421053195,manual
35332388,(마시는 기능성 홍삼수)(초특가)농협한삼인 홍기천스틱 24+6박스(240+60포)+쇼핑백 10개,1,0,완제품,완제품,완제품,완제품,0.99042967534159,manual
35333958,국내산 흑산도 홍어회 5팩 (모둠회 100g+초장 20g),1,1,식재료,,식재료,식재료,0.9794164763864041,manual
35335356,하림 누룽지 반마리삼계탕 600gX6팩+1팩 더(총 7팩),1,0,완제품,완제품,완제품,완제품,0.9852323422226851,manual
35338949,25년 8월애 햇 고춧가루 500gX4팩(총 2kg),1,1,식재료,식재료,식재료,식재료,0.9765044998558539,manual
35339620,[콤부차 1위 브랜드] 티젠 시그니처 콤부차 매실 액상스틱 6+1박스(98포),1,0,완제품,완제품,완제품,완제품,0.9998157284367125,manual
35342987,자연산 손질 통 주꾸미 500gX6팩(총 3kg),1,1,식재료,,식재료,식재료,0.9770241701850174,manual
35344455,25년 8월애 햇 고춧가루 500gX8팩(총 4kg),1,1,식재료,식재료,식재료,식재료,0.976169106922789,manual
35344750,제주농장 유기농 양배추스틱 168포(12박스),1,1,식재료,,식재료,식재료,0.9765550013164436,manual
35346346,(방송에서만 2팩 더)수산천하 더 커진 국내산 손질 통오징어 14미,1,1,식재료,식재료,식재료,식재료,0.9822283239654591,manual
35346347,수산천하 더 커진 국내산 손질 통오징어 10미,1,1,식재료,식재료,식재료,식재료,0.9816738314719299,manual
35346679,"(티젠브랜드내 최다구성,NS단독)티젠 콤부차 16종 혼합 160스틱(레몬/매실/요구르트맛 포함 16가지맛)+보틀",1,0,완제품,완제품,완제품,완제품,0.9998873607999178,manual
35346959,올리브올라이브 유기농 엑스트라버진 올리브오일 스페인 8+4박스/총 12박스,1,1,식재료,,식재료,식재료,0.9799262693797383,manual
35347526,"(방송중 4마리 더) 100% 국내산 손질 통오징어 7+2팩 (180g (2마리)X9팩, 총 18마리)  ",1,1,식재료,식재료,식재료,식재료,0.9846699926852965,manual
35348938,올리브올라이브 유기농 엑스트라버진 올리브오일 스페인 8박스,1,1,식재료,,식재료,식재료,0.9791206215679248,manual
35348939,올리브올라이브 유기농 엑스트라버진 올리브오일 스페인 1박스,1,1,식재료,,식재료,식재료,0.9790826388489361,manual
35350078,25년 햇 국내산 본초 고춧가루 500gX8팩 (총 4kg)  ,1,1,식재료,식재료,식재료,식재료,0.9810505076194639,manual
35350086,25년 햇 국내산 본초 고춧가루 500gX4팩 (총 2kg)  ,1,1,식재료,식재료,식재료,식재료,0.981191829941142,manual
35351637,2025년 햇 국내산 손질 통오징어 160g (2미)X12팩 (총 24미)      ,1,1,식재료,식재료,식재료,식재료,0.9840958447818661,manual
35351655,국내산 햇 고춧가루 3kg,1,1,식재료,식재료,식재료,식재료,0.9844430485900156,manual
35351656,국내산 햇 고춧가루 1.5kg,1,1,식재료,식재료,식재료,식재료,0.9844464439756658,manual
35352786,25년 햇 고춧가루 친정엄마꾸러미 요리 앤 고춧가루 500gX4팩 (총 2kg)    ,1,1,식재료,식재료,식재료,식재료,0.9768225850284811,manual
35352787,25년 햇 고춧가루 친정엄마꾸러미 요리앤 햇 고춧가루 500gX8팩 (총 4kg)  ,1,1,식재료,식재료,식재료,식재료,0.9776089381954646,manual
35352863,영양고추유통공사 25년산 빛깔찬 햇 고춧가루 2kg(500gX4팩),1,1,식재료,식재료,식재료,식재료,0.9763712271281832,manual
35352866,쿠키아 미라클 가루쌀스낵 20봉(야채전맛 50gX8봉+김파래맛 50gX8봉+떡볶이맛 50gX4봉),1,0,완제품,완제품,완제품,완제품,0.9939290331502791,manual
35358367,[콤부차 1위 브랜드] 티젠 시그니처 콤부차 매실 액상스틱 12박스(168포),1,0,완제품,완제품,완제품,완제품,0.9998078862322036,manual
35359087,여수명가 고추장 굴비 100gX9팩,1,1,식재료,식재료,식재료,식재료,0.9709900114394726,manual
35359655,(방송중 1팩 더!) 여수명가 고추장 굴비 100gX총 10팩 (1kg)  ,1,1,식재료,식재료,식재료,식재료,0.9789928718773786,manual
35363016,(미주)신화당제과 우리쌀전병 10박스(흑임자4+파래3+아몬드3),1,1,식재료,식재료,식재료,식재료,0.9748557031349043,manual
35363021,(미주)신화당제과 우리쌀로 만든 인절미스낵 18봉(선물패키지),1,0,완제품,완제품,완제품,완제품,0.9898077775047306,manual
35363706,(방송에서만 50%세일)홀베리 1일 1레몬 유기농 레몬즙 12박스(총 168포),1,1,식재료,,식재료,식재료,0.9812033627219091,manual
35363823,(방송에서만 5박스 더)홀베리 엑스트라버진 유기농 올리브유 10박스+5박스(총 210포),1,1,식재료,,식재료,식재료,0.9796356458076424,manual
35364148,이순실의 서울식 평양냉면 20인분,1,0,완제품,완제품,완제품,완제품,0.9881560245556713,manual
35364425,한명숙 육미본가 흑염소탕 700gX10팩 (약 20인분),1,0,완제품,완제품,완제품,완제품,0.9857120247924182,manual
35367905,25년 국내산 햇새우육젓 2kg (500gX4통)    ,1,1,식재료,식재료,식재료,식재료,0.9790472177235346,manual
35367911,25년 국내산 햇새우육젓 1kg (500gX2통)  ,1,1,식재료,식재료,식재료,식재료,0.9785555371531145,manual
35368639,"100% 국내산 손질 통오징어 7팩 (180g (2마리)X7팩, 총 14마리)  ",1,1,식재료,식재료,식재료,식재료,0.981762372529459,manual
35368840,북안동농협수매 25년 햇 국내산 본초 고춧가루 500gX8팩 (총 4kg)  ,1,1,식재료,식재료,식재료,식재료,0.9815467462906318,manual
35368849,북안동농협수매 25년 햇 국내산 본초 고춧가루 500gX4팩 (총 2kg)  ,1,1,식재료,식재료,식재료,식재료,0.9816803292808434,manual
35369903,뉴밋 유기농 엑스트라버진 올리브오일 100% 20박스,1,1,식재료,,식재료,식재료,0.9798405505054371,manual
35371141,국내산 손질 간장게장 1kgX3통+양념게장 700gX2통 (총 4.4kg),1,0,완제품,완제품,완제품,완제품,0.9895711629590545,manual
35371608,국내산 손질 간장게장 1kgX2통+양념게장 700gX1통 (총 2.7kg),1,0,완제품,완제품,완제품,완제품,0.9893505690020316,manual
35371808,뉴밋 유기농 엑스트라버진 올리브오일 100% 10+5박스/총 15박스,1,1,식재료,,식재료,식재료,0.980180153970005,manual
35373048,하림 닭발세트 하림 한판불닭발볶음 300gX5팩+튤립양념닭발 300gX2팩  ,1,0,완제품,완제품,완제품,완제품,0.9998906607347088,manual
35373682,풀무원 아임리얼100 고농축 토마토주스 48팩,1,0,완제품,완제품,완제품,완제품,0.9869200228738194,manual
35374249,용지봉 토시살 구이 170g*10팩,1,1,식재료,,식재료,식재료,0.9704954414955962,manual
35376383,어와란 바른 백명란 4통,1,1,식재료,,식재료,식재료,0.9767745907565484,manual
35376486,어와란 바른 백명란 6통,1,1,식재료,,식재료,식재료,0.9766788951315212,manual
35376581,김하진의 한우 특 양곰탕 700gX10팩+매콤 양념장 20gX10팩    ,1,0,완제품,완제품,완제품,완제품,0.988539404723293,manual
35378232,세번 구운 파래김 200매(10매X20봉),1,1,식재료,,식재료,식재료,0.9771979096865065,manual
35379192,(50%세일)보넬드 아이엠 당근주스 12병,1,0,완제품,완제품,완제품,완제품,0.988356782522188,manual
35379541,마산 아구찜 600gX5세트,1,0,완제품,완제품,완제품,완제품,0.9888031458790758,manual
35380386,(방송에서만 2팩 더!)포항 바다장어 160gX10팩,1,1,식재료,식재료,식재료,식재료,0.9772654200970431,manual
35380390,누마이 유기농 엑스트라버진 올리브오일 100% 15박스,1,1,식재료,,식재료,식재료,0.9793419744707501,manual
35380502,포항 바다장어 160gX8팩,1,1,식재료,식재료,식재료,식재료,0.9728705262777502,manual
35380505,뉴밋 유기농 엑스트라버진 올리브오일 100% 2박스+레몬즙 1박스 ,1,1,식재료,,식재료,식재료,0.9800715285324276,manual
35380513,국내산 참진한 프리미엄 흑염소진액 6박스(180포),1,1,식재료,,식재료,식재료,0.9775016495516828,manual
35380641,누마이 유기농 엑스트라버진 올리브오일 100% 10박스,1,1,식재료,,식재료,식재료,0.9807799968127527,manual
35382232,"삼유두유 검은콩과 칼슘 60팩+삼육두유 20팩, 총80팩",1,1,식재료,식재료,식재료,식재료,0.9782679347380142,manual
35383071,코코엘 오가닉 코코넛오일 5+5병(총 10병),1,1,식재료,,식재료,식재료,0.9767804493018822,manual
35383073,2025년 햇 국내산 손질 통오징어 160g (2미)X9팩 (총 18미)      ,1,1,식재료,식재료,식재료,식재료,0.9837544504716166,manual
35384605,완도금일수협 특대사이즈 완도 자숙 손질 전복 18미+2미(총 20미) ,1,1,식재료,,식재료,식재료,0.9793902215009463,manual
35384648,세번 구운 파래김 100매(10매X10봉),1,1,식재료,,식재료,식재료,0.9772688150292416,manual
35386616,얼려먹는 밀크빙수 (200mlX12팩)X1박스+오곡빙수 (200mlX12팩)X1박스+통통단팥 120gX4캔,1,0,완제품,완제품,완제품,완제품,0.9999032057807521,manual
35386620,얼려먹는 밀크빙수 (200mlX12팩)X2박스+통통단팥 120gX4캔,1,0,완제품,완제품,완제품,완제품,0.9890513074527862,manual
35387240,순창 햇 복분자 (급냉) 2kg,1,1,식재료,,식재료,식재료,0.9777713958715059,manual
35387241,순창 햇 복분자 (급냉) 4kg,1,1,식재료,,식재료,식재료,0.9772264625464101,manual
35388054,남영양농협 햇살촌 영양 청결 국내산 고춧가루 500gX8팩(25년산),1,1,식재료,식재료,식재료,식재료,0.9757015877910827,manual
35388063,남영양농협 햇살촌 영양 청결 국내산 고춧가루 500gX4팩(25년산),1,1,식재료,식재료,식재료,식재료,0.9754784329421383,manual
35388867,해남 땅끝마을 쌍둥이네 김치 8kg,1,1,식재료,,식재료,식재료,0.9781692116337067,manual
35389567,올리브올라이브 유기농 엑스트라버진 올리브오일 스페인 8+4박스/총 12박스,1,1,식재료,,식재료,식재료,0.9799262693797383,manual
35389624,홍삼진침향환골드 1박스(100환)+쇼핑백 1개,1,0,완제품,완제품,완제품,완제품,0.9898325272920484,manual
35389639,홍삼진침향환골드 2박스(200환)+쇼핑백 2개,1,0,완제품,완제품,완제품,완제품,0.9898142091929624,manual
35389650,홍삼진침향환골드 4박스(400환)+쇼핑백 4개,1,0,완제품,완제품,완제품,완제품,0.9899111481033165,manual
35390060,락티브 오은영 100%유기농 NFC 레몬즙 8박스/총 112포,1,1,식재료,,식재료,식재료,0.9789660971147013,manual
35390074,영양고추유통공사 25년산 빛깔찬 햇 고춧가루 4kg(500gX8팩),1,1,식재료,식재료,식재료,식재료,0.9760380555506852,manual
35390090,락티브 오은영 비움 플러스 푸룬주스 농축액 4박스(총 56포),1,0,완제품,완제품,완제품,완제품,0.9837238781493866,manual
35390095,락티브 오은영 100% 유기농 애사비 4박스(총 56포),1,1,식재료,,식재료,식재료,0.9786463609331952,manual
35390101,락티브 오은영 간에 좋은 유기농 밀크씨슬 실리마린 240정/4개월,1,1,식재료,,식재료,식재료,0.9782378334180272,manual
35390738,다올바른 국내산 햇 고춧가루 500gX6팩(총 3kg) ,1,1,식재료,식재료,식재료,식재료,0.9837044397728208,manual
35390740,다올바른 국내산 햇 고춧가루 500gX3팩(총 1.5kg) ,1,1,식재료,식재료,식재료,식재료,0.9734935988321145,manual
35390831,풀무원 아임리얼100 고농축 푸룬주스 48팩,1,0,완제품,완제품,완제품,완제품,0.9869571899828022,manual
35391356,뉴밋 유기농 엑스트라버진 올리브오일 100% 10+5박스/총 15박스,1,1,식재료,,식재료,식재료,0.980180153970005,manual
35392037,세번 구운 파래김 200매(10매X20봉),1,1,식재료,,식재료,식재료,0.9771979096865065,manual
35392163,신덕재명인 도토리묵 만들기세트(묵가루 12팩+육수 2봉) ,1,0,완제품,완제품,완제품,완제품,0.9903377366672638,manual
35392769,이롬 유기농 ABC 주스 100팩 (무료체험 3팩포함),1,0,완제품,완제품,완제품,완제품,0.9837409085901704,manual
35393120,세번 구운 파래김 100매(10매X10봉),1,1,식재료,,식재료,식재료,0.9772688150292416,manual
35393460,영양고추유통공사 25년산 빛깔찬 햇 고춧가루 2kg(500gX4팩),1,1,식재료,식재료,식재료,식재료,0.9763712271281832,manual
35394132,25년 국내산 햇새우육젓 2kg (500gX4통)    ,1,1,식재료,식재료,식재료,식재료,0.9790472177235346,manual
35394133,25년 국내산 햇새우육젓 1kg (500gX2통)  ,1,1,식재료,식재료,식재료,식재료,0.9785555371531145,manual
35395375,뉴트리원 유기농 동결건조 컬리케일 100% 1박스/30포 ,1,1,식재료,,식재료,식재료,0.9788468158783101,manual
35396945,"베네팜 동결건조 유기농 곱슬케일 컬리케일 10박스,보틀1개",1,1,식재료,,식재료,식재료,0.9788184347541303,manual
35399553,국내산 서리태 500gX4봉,1,1,식재료,,식재료,식재료,0.972439266433715,manual
35400878,(방송에서만 50%세일)아침엔 클렌즈 유기농 CCA주스 8박스(총 112포),1,0,완제품,완제품,완제품,완제품,0.9852290152245154,manual
35402104,여수 돌산 갓 김치 4kg+고들빼기 1kg,1,1,식재료,,식재료,식재료,0.9781738547100192,manual
35402154,풀무원 아임리얼100 고농축 블루베리주스 48팩,1,0,완제품,완제품,완제품,완제품,0.9869247932672472,manual
35404158,(50%세일가)종근당건강 100% 엑스트라버진 아보카도오일 250mlX9병,1,1,식재료,,식재료,식재료,0.9760155320631622,manual
35405385,햄튼 아이전 칼 세트 3p,1,0,완제품,완제품,완제품,완제품,0.9846859597838004,manual
35405530,2025 안면도농협 햇 태양초 고춧가루 3kg(500gX6봉),1,1,식재료,식재료,식재료,식재료,0.9792756038581348,manual
35405542,2025 안면도농협 햇 태양초 고춧가루1.5kg(500gX3봉),1,1,식재료,식재료,식재료,식재료,0.9757765147890517,manual
35405562,25년 8월애 햇 고춧가루 500gX8팩(총 4kg),1,1,식재료,식재료,식재료,식재료,0.976169106922789,manual
35405564,25년 8월애 햇 고춧가루 500gX4팩(총 2kg),1,1,식재료,식재료,식재료,식재료,0.9765044998558539,manual
35405613,마미케어 쌀뜨물 스킨 200ml,1,1,식재료,식재료,식재료,식재료,0.9760192301476022,manual
35405932,(2025년산 햅쌀) 흥양농협 멋진밥상 쌀 10kg+10kg ,1,1,식재료,식재료,식재료,식재료,0.9712489268454186,manual
35406331,"베네팜 동결건조 유기농 곱슬케일 컬리케일 5박스,보틀1개",1,1,식재료,,식재료,식재료,0.9787361212217475,manual
35406783,(50%세일)농협한삼인 홍삼진플러스 36박스(총 180포)+쇼핑백 6개,1,0,완제품,완제품,완제품,완제품,0.9881102509884571,manual
35406786,(50%세일)농협한삼인 홍삼진플러스 18박스(총 90포)+쇼핑백 3개,1,0,완제품,완제품,완제품,완제품,0.9886113222463419,manual
35407661,착한 곡물로 만든 통팥앙금저당 쑥찰떡 50개,1,1,식재료,식재료,식재료,식재료,0.9769571637901181,manual
35408622,기운찬 고창 민물장어 900g(6~7미)+소스 4개,1,1,식재료,식재료,식재료,식재료,0.9782106900089138,manual
35409325,영월농협 햇 청결고춧가루 4kg (500gX8봉)  ,1,1,식재료,식재료,식재료,식재료,0.9774700906332271,manual
35409447,영월농협 햇 청결고춧가루 2kg (500gX4봉)  ,1,1,식재료,식재료,식재료,식재료,0.9788132725008053,manual
35409740,청산에 두번구운 곱창김 25매X4봉 (총 100매),1,1,식재료,,식재료,식재료,0.9776853764383175,manual
35409741,청산에 두번구운 곱창김 25매X8봉 (총 200매),1,1,식재료,,식재료,식재료,0.977412261643961,manual
35409974,국내산 햇 절단꽃게 300gX8팩  ,1,1,식재료,식재료,식재료,식재료,0.9819638238382847,manual
35410952,세번 구운 감태김 200매(10매X20봉),1,1,식재료,,식재료,식재료,0.9768421766773735,manual
35411219,세번 구운 감태김 100매(10매X10봉),1,1,식재료,,식재료,식재료,0.9769075178092722,manual
35411909,(방송에서만 2팩 더)수산천하 국내산 손질 통오징어 14미,1,1,식재료,식재료,식재료,식재료,0.9796590726851558,manual
35412398,올리브올라이브 유기농 엑스트라버진 올리브오일 스페인 8+4박스/총 12박스,1,1,식재료,,식재료,식재료,0.9799262693797383,manual
35412404,뉴트리원 유기농 동결건조 컬리케일 100% 10박스/300포,1,1,식재료,,식재료,식재료,0.9785243023484567,manual
35412410,뉴트리원 유기농 동결건조 컬리케일 100% 5박스/150포,1,1,식재료,,식재료,식재료,0.9780642368403353,manual
35412661,(50%세일)정성가득 ABC주스 4박스,1,0,완제품,완제품,완제품,완제품,0.989062017648975,manual
35413696,정성곳간 포기김치 10kg,1,1,식재료,,식재료,식재료,0.9790965795726038,manual
35413937,국내산 햇 절단 꽃게 10팩(총 3kg),1,1,식재료,식재료,식재료,식재료,0.9848242807609447,manual
35413938,국내산 햇 절단 꽃게 8팩(총 2.4kg),1,1,식재료,식재료,식재료,식재료,0.9827650953131665,manual
35414238,영양고추유통공사 25년산 빛깔찬 햇 고춧가루 4kg(500gX8팩),1,1,식재료,식재료,식재료,식재료,0.9760380555506852,manual
35414244,영양고추유통공사 25년산 빛깔찬 햇 고춧가루 2kg(500gX4팩),1,1,식재료,식재료,식재료,식재료,0.9763712271281832,manual
35414419,정관장홍삼진고 15병,1,0,완제품,완제품,완제품,완제품,0.9900984729079277,manual
35414425,정관장홍삼진고 10병,1,0,완제품,완제품,완제품,완제품,0.9894896224315494,manual
35414467,(2025년산 햅쌀) 흥양농협 멋진밥상 쌀 10kg,1,1,식재료,식재료,식재료,식재료,0.9716084908668091,manual
35414861,[일품일미] 국내산 새우육젓 4통/ 총 2KG,1,1,식재료,식재료,식재료,식재료,0.9804323380770841,manual
35416188,유기농 지리산 상황버섯쌀 20팩 ,1,1,식재료,식재료,식재료,식재료,0.9791548312959512,manual
35416189,유기농 지리산 상황버섯쌀 10팩 ,1,1,식재료,식재료,식재료,식재료,0.9794616153619368,manual
35417238,국내산 햇 절단꽃게 300g x 8+2팩,1,1,식재료,식재료,식재료,식재료,0.9854581660946092,manual
35417304,봉화 고춧가루 500gX6봉(총 3kg),1,1,식재료,식재료,식재료,식재료,0.9757019458683248,manual
35417319,봉화 고춧가루 500gX3봉(총 1.5kg),1,1,식재료,식재료,식재료,식재료,0.9750767605483124,manual
35418401,(두유메이커증정)리뉴얼 인삼다당체 진산로얄 6+2박스(240포)+ 스퀘어가든 소이메이트 두유메이커(JSK-N4094),1,1,식재료,,식재료,식재료,0.974996740025951,manual
35419996,25년 햇 국내산 본초 고춧가루 500gX8팩 (총 4kg)  ,1,1,식재료,식재료,식재료,식재료,0.9810505076194639,manual
35420008,25년 햇 국내산 본초 고춧가루 500gX4팩 (총 2kg)  ,1,1,식재료,식재료,식재료,식재료,0.981191829941142,manual
35421105,삼육두유 검은콩과칼슘 (190mlX20팩)X3박스+삼육두유 흑임자 (190mlX20팩)X1박스 (총 80팩)  ,1,1,식재료,식재료,식재료,식재료,0.9784905307410243,manual
35421999,삼육두유 더 블랙 프리미엄 두유 파우치 190mlX20개X3박스  ,1,1,식재료,,식재료,식재료,0.9784089419065483,manual
35422031,25년 8월애 햇 고춧가루 500gX8팩(총 4kg),1,1,식재료,식재료,식재료,식재료,0.976169106922789,manual
35422032,25년 8월애 햇 고춧가루 500gX4팩(총 2kg),1,1,식재료,식재료,식재료,식재료,0.9765044998558539,manual
35422699,정성곳간 포기김치 8kg,1,1,식재료,,식재료,식재료,0.9784935734026113,manual
35426042,올리브올라이브 유기농 엑스트라버진 올리브오일 스페인 8+4박스/총 12박스,1,1,식재료,,식재료,식재료,0.9799262693797383,manual
35426636,정성곳간 한우 스지도가니탕 700gX9팩,1,0,완제품,완제품,완제품,완제품,0.9900061744013358,manual
35426818,신화당 제과 우리쌀로 만든 인절미 스낵 28g x 20봉지,1,0,완제품,완제품,완제품,완제품,0.984421318387161,manual
35426829,신화당제과 우리쌀로 만든 인절미스낵 18봉(선물패키지),1,0,완제품,완제품,완제품,완제품,0.9897125165558008,manual
35427044,신화당제과 우리쌀전병 6박스(흑임자X2+아몬드X2+파래X2),1,1,식재료,식재료,식재료,식재료,0.9750731196755956,manual
35428635,(방송에서만 50%세일)홀베리 1일 1레몬 유기농 레몬즙 12박스(총 168포),1,1,식재료,,식재료,식재료,0.9812033627219091,manual
35428640,(50%세일)홀베리 유기농 양배추즙 8박스(총 112포),1,1,식재료,,식재료,식재료,0.9782490385449979,manual
37982330,소유진 프리미엄 스테비아 커피믹스 100T X  2박스(총 200포),1,0,완제품,완제품,완제품,완제품,0.9836413255591223,manual
38048802,밤뜨래 밤양갱 40g x 30개,1,1,식재료,,식재료,식재료,0.9768864617593649,manual
38048815,밤뜨래 고구마양갱 40g x 30개,1,1,식재료,식재료,식재료,식재료,0.9786447373793185,manual
38048910,밤뜨래 양갱 3종 세트 30개입(팥+밤+고구마),1,0,완제품,완제품,완제품,완제품,0.9897296220741252,manual
41123371,[24년 수확] 밤뜨래 국내산 우리나라 맛밤 20봉,1,1,식재료,,식재료,식재료,0.980672532672919,manual
41636028,완도 자숙 손질전복 大사이즈 20미 + 내장 10팩,1,1,식재료,,식재료,식재료,0.9806177315700517,manual
42183377,완도 자숙 손질전복 특大사이즈 16미 + 내장 8팩,1,1,식재료,,식재료,식재료,0.980084073428611,manual
42208105,완도 자숙 손질전복 中 사이즈 30미 + 내장 10팩,1,1,식재료,,식재료,식재료,0.9814046759915008,manual
43636705,착한낙지세트 (손질낙지 12팩+ 양념 12팩),1,0,완제품,완제품,완제품,완제품,0.9909843337303471,manual
46837491,착한낙지세트 (손질낙지 12팩+ 양념 12팩),1,0,완제품,완제품,완제품,완제품,0.9909843337303471,manual
46935206,소유진 제로윗아이스크림세트( 초코컵 7개 + 바닐라컵 7개 ),1,0,완제품,완제품,완제품,완제품,0.9998381978689944,manual
47425601,소유진 제로윗아이스크림 바세트( 초코바 7개 + 바닐라바 7개 ),1,0,완제품,완제품,완제품,완제품,0.9998228333709992,manual
47499507,소유진 제로윗아이스크림바 총 10개( 초코바 5개 + 바닐라바 5개 ),1,0,완제품,완제품,완제품,완제품,0.9873484423237845,manual
47499552,소유진 제로윗아이스크림바 총 20개 ( 초코바 10개 + 바닐라바 10개 ),1,0,완제품,완제품,완제품,완제품,0.9846490016731394,manual
47527412,소유진 제로윗아이스크림컵 총 10개 ( 초코컵 5개 + 바닐라컵 5개 ),1,0,완제품,완제품,완제품,완제품,0.9796961567093989,manual
47527698,소유진 제로윗아이스크림컵 총 20개 ( 초코컵 10개 + 바닐라컵 10개 ),1,0,완제품,완제품,완제품,완제품,0.9798569177930303,manual
48128483,[레이먼킴] 블랙타이거새우 300gX5팩+로즈마리감바스소스+바게트빵 2개,1,0,완제품,완제품,완제품,완제품,0.9911576573548281,manual
49090987,소유진의 마일드 스테비아 커피믹스 선물세트 3호,1,0,완제품,완제품,완제품,완제품,0.9998637319651702,manual
49220588,소유진 제로윗아이스크림 초코바 10개,1,0,완제품,완제품,완제품,완제품,0.9907961213080033,manual
49220644,소유진 제로윗아이스크림 바닐라바 10개,1,0,완제품,완제품,완제품,완제품,0.9909435932070211,manual
49220745,소유진 제로윗아이스크림 바닐라컵 10개,1,0,완제품,완제품,완제품,완제품,0.9904327037710999,manual
49220760,소유진 제로윗아이스크림 초코컵 10개,1,0,완제품,완제품,완제품,완제품,0.9902760205602118,manual
51771321,[구례삼촌]나물비빔밥 세트 총 11봉(곤드레 3봉+무청시래기 3봉+취 3봉+쑥부쟁이 2봉),1,0,완제품,완제품,완제품,완제품,0.9886349189169982,manual
51992906,[레이먼킴] 만능낙지 5팩+블랙타이거새우 2팩+만능양념 10팩,1,1,식재료,식재료,식재료,식재료,0.9664853075898708,manual
52477443,[24년 수확] 밤뜨래 국내산 우리나라 맛밤 15봉,1,1,식재료,,식재료,식재료,0.9804259953660939,manual
52852305,[단백질커피]소유진  단백질 스테비아 커피 1박스 (30포),1,0,완제품,완제품,완제품,완제품,0.9998702391887666,manual
52858162,[단백질커피]소유진  단백질 스테비아 커피 8박스 (240포),1,0,완제품,완제품,완제품,완제품,0.999869382784513,manual
53180569,[신내린]직화무뼈닭발 5팩,1,1,식재료,,식재료,식재료,0.9752191126925945,manual
53640351,레이먼킴 블랙앵거스 스테이크 8팩 + 소스 1병,1,1,식재료,,식재료,식재료,0.9764347451917116,manual
54273215,[홀베리] 100% 유기농 레몬즙 12박스 (총 168포),1,1,식재료,,식재료,식재료,0.9840570806246216,manual
54273216,[홀베리] 100% 유기농 레몬즙 6박스 (총 84포),1,1,식재료,,식재료,식재료,0.9835013481266804,manual
54720143,"[홀베리] 1일1당근, 100% 유기농 당근주스 4박스",1,0,완제품,완제품,완제품,완제품,0.985678474271432,manual
54721192,"[홀베리] 1일1당근, 100% 유기농 당근주스 8박스",1,0,완제품,완제품,완제품,완제품,0.9857355549778603,manual
54854795,닥터셰프의 생강진액 18g 20포 5박스 (총 100포),1,1,식재료,,식재료,식재료,0.9768020476314131,manual
55667832,[참다른] 저온숙성 돼지목살왕구이 600g x 6팩,1,1,식재료,,식재료,식재료,0.9773778215311925,manual
55780219,(홈)소유진 커피믹스(총160포)+ 사은품 전동컵(건전지포함),1,0,완제품,완제품,완제품,완제품,0.9901215737983268,manual
55812909,이원일 쉐프의 알곤이동태탕 500g x 8팩(4kg),1,0,완제품,완제품,완제품,완제품,0.986517283998143,manual
55931672,[프리미엄]소유진 프리미엄 스테비아 커피믹스 선물세트 7호,1,0,완제품,완제품,완제품,완제품,0.9998756352809993,manual
55932146,소유진 마일드 스테비아 커피믹스 + 율무차 선물세트,1,0,완제품,완제품,완제품,완제품,0.9999984623850481,manual
55933338,소유진의 디카페인 스테비아 커피믹스 30T X 2박스,1,0,완제품,완제품,완제품,완제품,0.9841598852241774,manual
55934250,소유진의 디카페인 스테비아 커피믹스 30T X 4박스,1,0,완제품,완제품,완제품,완제품,0.9841350053569738,manual
55934972,[단백질커피]소유진  단백질 스테비아 커피 6박스 (180포),1,0,완제품,완제품,완제품,완제품,0.9998649703134607,manual
55935295,[단백질커피]소유진  단백질 스테비아 커피 4박스 (120포),1,0,완제품,완제품,완제품,완제품,0.9998728622868772,manual
56327976,[참다른]흑마늘 훈제오리 슬라이스 200g 8팩(소스4봉 증정),1,1,식재료,식재료,식재료,식재료,0.9804307076239057,manual
56340961,햇살빚은 영광 생모시떡 10개입  6팩(동부3+검정깨3),1,1,식재료,식재료,식재료,식재료,0.9759330647881241,manual
56624098,[24년햅쌀] 농부의 정이깃든 명품 신동진쌀 10kg(상등급),1,1,식재료,식재료,식재료,식재료,0.9694452429951914,manual
57799592,[레이먼킴]만능낙지 135gx8팩+만능볶음양념 50gx8팩,1,1,식재료,식재료,식재료,식재료,0.9700729003413003,manual
57799970,[레이먼킴]만능낙지 135gx12팩+만능볶음양념 50gx12팩,1,1,식재료,식재료,식재료,식재료,0.9758687796880228,manual
57799987,[레이먼킴]만능낙지 135gx15팩+만능볶음양념 50gx15팩,1,1,식재료,식재료,식재료,식재료,0.9759651871261896,manual
58248345,화통한 직화 무뼈 닭발 150g x 6팩,1,1,식재료,,식재료,식재료,0.9794544303940347,manual
59098678,참바다 만능통쭈꾸미 600g(20미) 5팩+만능소스 50g 5팩,1,1,식재료,,식재료,식재료,0.9741829023567186,manual
59328499,[레이먼킴]순수 뼈없는 한우 사골 우족탕 700gx7팩,1,0,완제품,완제품,완제품,완제품,0.9890748526419181,manual
59493834,[레이먼킴] 만능낙지 135g x 10팩 +만능볶음양념10팩,1,1,식재료,식재료,식재료,식재료,0.9799719255647714,manual
60108938,밤뜨래 국내산 우리나라 맛밤 25봉,1,1,식재료,,식재료,식재료,0.9789926979387248,manual
60109256,밤뜨래 국내산 우리나라 맛밤 30봉,1,1,식재료,,식재료,식재료,0.9789707464665333,manual
60449192,[레이먼킴]맛있는 인생 부대찌개 500g 10팩,1,1,식재료,,식재료,식재료,0.9763255058478832,manual
60449485,[레이먼킴]맛있는 인생 부대찌개 500g 5팩,1,1,식재료,,식재료,식재료,0.9774200530537086,manual
60449956,[레이먼킴]맛있는 인생 부대찌개 500g 8팩,1,1,식재료,,식재료,식재료,0.9763140584630571,manual
60536810,[홀베리] 아침엔 클렌즈 유기농 CCA 주스 4박스(총 56포),1,0,완제품,완제품,완제품,완제품,0.9823086776752551,manual
60548558,[송화유수]강남 유명맛집 뼈없는 갈비탕 700g x 8팩,1,0,완제품,완제품,완제품,완제품,0.9841739568128162,manual
60582441,참다른 훈제 점보 통닭다리 특대형(250g이상) X 8팩 (소스8봉 증정),1,1,식재료,,식재료,식재료,0.9776493982474096,manual
60587716,[홀베리] 아침엔 클렌즈 유기농 CCA 주스 8박스(총 112포),1,0,완제품,완제품,완제품,완제품,0.9820496285770947,manual
60617374,"[한채원] 밥대신 현미귀리 곤약즉석밥 150g, 28개입",1,0,완제품,완제품,완제품,완제품,0.9998853655137828,manual
60702080,안문숙  포기김치  10kg,1,1,식재료,,식재료,식재료,0.9778826190821484,manual
61021819,[수협]국내산 녹차품은 선상고등어 2kg내외(11-13팩),1,0,완제품,완제품,완제품,완제품,0.9894712987308205,manual
61212480,"[화과방]큐빅양갱 4종 2세트(40gx24입x2세트),쇼핑백포함",1,0,완제품,완제품,완제품,완제품,0.9999041910563662,manual
61216546,[화과방]우유앙빵 9입 + 우유앙빵딸기 9입 (총 2세트),1,0,완제품,완제품,완제품,완제품,0.9999983679562104,manual
61236363,[올리브올라이브] 유기농 엑스트라버진 올리브유 8박스 (스페인 4박스+그리스 4박스),1,1,식재료,,식재료,식재료,0.9791443760875901,manual
61243794,[올리브올라이브][스페인] 유기농 엑스트라버진 올리브유 1박스,1,1,식재료,,식재료,식재료,0.9752832972680854,manual
61290843,안문숙  포기김치  5kg,1,1,식재료,,식재료,식재료,0.9769159497459783,manual
61616636,"화과방 프리미엄 큐빅양갱 6종세트(40g60입),쇼핑백포함",1,0,완제품,완제품,완제품,완제품,0.9894065083973812,manual
61810564,[화과방] 도넛팥빵/도넛밤빵 (60gx10개입) 택1,1,0,완제품,완제품,완제품,완제품,0.9999999866943599,manual
61810569,"[화과방] 큐빅양갱 5종(40gx30개입), 쇼핑백증정",1,1,식재료,,식재료,식재료,0.9697623326430839,manual
61810887,[화과방] 우리쌀로 만든 쌀전병x3박스 (김/땅콩/흑임자),1,1,식재료,식재료,식재료,식재료,0.9596740018628016,manual
61917478,[올리브올라이브] 아침엔 유기농 엑스트라버진 올리브오일 100% (그리스2+스페인2),1,1,식재료,,식재료,식재료,0.9769556853002563,manual
61971548,한식대가 박경례의 만세담 소머리곰탕수육세트(육수750g8팩+수육250g4팩),1,0,완제품,완제품,완제품,완제품,0.9924670002554858,manual
62001380,원할머니 의성마늘 족발수육 세트 520g 3봉(족발200g4팩+수육삼겹200g2팩+마늘소스6팩),1,0,완제품,완제품,완제품,완제품,0.9920414615703481,manual
62049476,원할머니 의성마늘 순살사태족발 520g 2봉(족발200g4팩+소스60g4팩),1,1,식재료,식재료,식재료,식재료,0.9732166416702096,manual
62051896,원할머니 의성마늘 수육삼겹 520g 2봉 (수육200g4팩+소스60g4팩),1,1,식재료,식재료,식재료,식재료,0.9767067473461072,manual
62080386,"화과방 프리미엄 큐빅양갱 6종세트(40g60입),쇼핑백포함",1,0,완제품,완제품,완제품,완제품,0.9894065083973812,manual
62090802,[홀베리] 100% 유기농 레몬즙 6+1박스(98포),1,1,식재료,,식재료,식재료,0.9769846500005085,manual
62175324,[홀베리] 100%  유기농 레몬즙 12+4박스+애사비1박스,1,1,식재료,,식재료,식재료,0.9754996622760516,manual
62409613,[참다른] 비비장 순살 양념게장 250g x 6개입,1,0,완제품,완제품,완제품,완제품,0.9872955408626054,manual
62692638,[옳음애] 박나래PICK 바나듐쌀 바나듐뿍쌀 1kg,1,1,식재료,식재료,식재료,식재료,0.979381270721472,manual
62692731,[옳음애] 박나래PICK 바나듐쌀 바나듐뿍쌀 1kg x 5봉(5kg),1,1,식재료,식재료,식재료,식재료,0.9804442437799793,manual
62692772,[옳음애] 박나래PICK 바나듐쌀 바나듐뿍쌀 2kg,1,1,식재료,식재료,식재료,식재료,0.9795439657522524,manual
62692832,[옳음애] 박나래PICK 바나듐쌀 바나듐뿍쌀 2kg x 5봉 ( 총 10kg),1,1,식재료,식재료,식재료,식재료,0.9844302747280178,manual
62692844,[옳음애] 박나래PICK 바나듐쌀 바나듐뿍쌀 4kg,1,1,식재료,식재료,식재료,식재료,0.9787144803080126,manual
62692846,[옳음애] 박나래PICK 바나듐쌀 바나듐뿍쌀 4kg x 2봉 (총 8kg),1,1,식재료,식재료,식재료,식재료,0.9841302148551717,manual
62692848,[옳음애] 박나래PICK 바나듐쌀 바나듐뿍쌀 4kg x 3봉 (12kg),1,1,식재료,식재료,식재료,식재료,0.980924364747704,manual
62692849,[옳음애] 박나래PICK 바나듐쌀  바나듐뿜제로쌀 총 3.5kg(350g x10봉),1,1,식재료,식재료,식재료,식재료,0.9777918907059444,manual
62692854,박나래PICK 바나듐쌀  바나듐뿜 제로쌀 350g x 20봉,1,1,식재료,식재료,식재료,식재료,0.9795802401418806,manual
62692855,박나래PICK 바나듐쌀  바나듐뿜 제로쌀 350g x 40봉,1,1,식재료,식재료,식재료,식재료,0.9795027954854881,manual
62692856,[옳음애] 박나래PICK 바나듐쌀 바나듐뿍 혼합곡 4kg(1봉),1,1,식재료,식재료,식재료,식재료,0.9802671223123571,manual
62692882,[옳음애] 박나래PICK 바나듐쌀 바나듐뿍 혼합곡 1kg(1봉),1,1,식재료,식재료,식재료,식재료,0.980509098325495,manual
62705984,[50% 세일] [홀베리] 유기농 레몬즙 12박스(168포),1,1,식재료,,식재료,식재료,0.9799694551847136,manual
62739708,이순실의 평양냉면 20인분(면 20팩+육수10팩+비빔장10팩),1,0,완제품,완제품,완제품,완제품,0.9921060291221585,manual
62926716,[다다쿡] 두둑한 갈비탕 750g 4팩,1,0,완제품,완제품,완제품,완제품,0.9869130405639837,manual
62927605,[소팔소곱창]대창품은 소팔소곱창전골 500g 5팩,1,0,완제품,완제품,완제품,완제품,0.9890043502061424,manual
62930341,"디마떼오 피자 4종/20팩(감자베이컨,디아볼라,고르곤졸라,바질콤비네이션)",1,0,완제품,완제품,완제품,완제품,0.9926240198764434,manual
62970928,신덕재 명인 쫄깃 生 두부면 (두부면 20개+멸치맛스프 5개+들기름막국수소스 5개+비빔소스 10개),1,0,완제품,식재료,완제품,완제품,0.6426412299630344,manual
62992932,[다다쿡] 두둑한 도가니탕 700g 4팩,1,0,완제품,완제품,완제품,완제품,0.9864856407221646,manual
62994177,[소팔소곱창]한우 보양탕 세트 (내장탕 2팩+소곱창전골2팩+소고기국밥2팩),1,0,완제품,완제품,완제품,완제품,0.9999124141245194,manual
63113114,[레이먼킴]만능갑오징어 100마리(500g5팩)+볶음소스 5팩,1,1,식재료,식재료,식재료,식재료,0.9531143487249194,manual
63342936,[방송에서만 4박스 더] 프리메로 유기농 엑스트라버진 올리브오일 12박스,1,1,식재료,,식재료,식재료,0.9810346244830151,manual
63360269,[찰떡궁합]일루미엘 리프팅 감태 기초 풀세트 (패드 70매  + 세럼 30ml + 크림 50ml),1,0,완제품,완제품,완제품,완제품,0.9664901270002991,manual
63513269,[방송한정 사골육수 증정] 팽현숙의 옛날순대국 7팩 + 양념고춧가루 1팩,1,0,완제품,완제품,완제품,완제품,0.9808371943569886,manual
63540159,김녕해녀마을 生 돌미역 13팩(팩당 200g),1,1,식재료,,식재료,식재료,0.9759954557005693,manual
63558507,[우리농장]국내산 흑염소로 만든 흑염소 보양탕 450gx7팩,1,0,완제품,완제품,완제품,완제품,0.9898096227956098,manual
63564481,[농협식품] 국내산 애플사이다비니거 3박스(총 45포),1,1,식재료,,식재료,식재료,0.9757219234740081,manual
63580625,[완도활전복] 중전복 10미(마리당 50~60g),1,1,식재료,,식재료,식재료,0.9747137198352606,manual
63646271,[방송한정 1박스 더][농협식품] 국내산 애플사이다비니거 총 7박스(총 105포),1,1,식재료,,식재료,식재료,0.9789184805056864,manual
63666415,[한채원] 밥대신 파로 통곡물 즉석밥 24개,1,0,완제품,완제품,완제품,완제품,0.9998764018591993,manual
63694268,[방송에서만 5박스 더] 뉴밋 유기농 엑스트라버진 올리브오일 피쿠알 15박스 (8ml),1,1,식재료,,식재료,식재료,0.9821360228581223,manual
63704981,[레이먼킴]금산 인삼 삼계탕 1.2kg x 4팩,1,0,완제품,완제품,완제품,완제품,0.9842525145955321,manual
63704983,[레이먼킴]금산 인삼 삼계탕 1.2kg x 8팩,1,0,완제품,완제품,완제품,완제품,0.9842327094372161,manual
63705335,[배나무골]연잎으로 감싼 훈제오리 슬라이스 400g x 5팩,1,1,식재료,,식재료,식재료,0.9800355592342594,manual
63714830,[레이먼킴]만능낙지 135gx10팩 +매콤볶음양념10팩,1,1,식재료,식재료,식재료,식재료,0.9770453579006514,manual
63715570,[방송에서만]베네팜 유기농 곱슬케일 컬리케일분말 5박스+보틀 1병(2g x 25포 x 5박스),1,1,식재료,,식재료,식재료,0.9809791563872139,manual
63715746,[방송에서만]베네팜 유기농 곱슬케일 컬리케일분말 10박스+보틀 1병(2g x 25포 x 10박스),1,1,식재료,,식재료,식재료,0.9808593766048116,manual
63801525,[NEW]박수홍 뼈없는 특 갈비탕 900g x 10봉(총20인분),1,0,완제품,완제품,완제품,완제품,0.9851441935990053,manual
63880924,[매장판매동일] 타타스베이글 20종 풀세트(베이글 12개 + 크림치즈 6개 + 베이글칩 2개),1,0,완제품,완제품,완제품,완제품,0.9782677038093989,manual
63881456,[매장판매동일] 타타스베이글 20종 풀세트(베이글 12개 + 크림치즈 6개 + 베이글칩 2개),1,0,완제품,완제품,완제품,완제품,0.9782677038093989,manual
63972279,[방송한정 3팩 더][지극진성] 진성 뼈없는 특갈비탕 800g x 13팩,1,0,완제품,완제품,완제품,완제품,0.9786674268044045,manual
64008347,[삼육두유]검은콩과볶은귀리48팩+검은콩호두아몬드32팩+검은콩흑임자32팩(총112팩),1,1,식재료,식재료,식재료,식재료,0.9613473287425244,manual
64027323,[50% 세일] [홀베리] 유기농 레몬자몽즙 12박스(168포),1,1,식재료,,식재료,식재료,0.978525799978868,manual
64114197,사세 매콤 점보 닭다리 1.3kg X 2봉,1,1,식재료,,식재료,식재료,0.9801467014568271,manual
64201133,박수홍 착한 뼈없는갈비탕 750g x 10봉(총20인분),1,0,완제품,완제품,완제품,완제품,0.9865490108401392,manual
64256753,[목포수협] 25년  햇 새우육젓 2kg (500gx4통),1,1,식재료,식재료,식재료,식재료,0.9799194071643728,manual
64256890,[목포수협] 25년  햇 새우육젓 1kg (500gx2통),1,1,식재료,식재료,식재료,식재료,0.9795267791256217,manual
64426797,[농협목우촌] 6년근 홍삼 삼계탕 850g x 6팩,1,0,완제품,완제품,완제품,완제품,0.9998309973229261,manual
64497134,[방송에서만4박스더][올리브올라이브] 유기농 엑스트라버진 올리브유 12박스 (스페인 8+4박스),1,1,식재료,,식재료,식재료,0.9759175478425197,manual
64497316,[올리브올라이브] 유기농 엑스트라버진 올리브유 4박스 (스페인 4박스),1,1,식재료,,식재료,식재료,0.9792307366440002,manual
64507519,[NFC 착즙] 보넬드 아이엠 당근주스 1병 (1L ),1,0,완제품,완제품,완제품,완제품,0.9808309531286762,manual
64550475,[50% 세일] [홀베리] 유기농 CCA 주스 8박스(112포),1,0,완제품,완제품,완제품,완제품,0.9838685818608205,manual
64595296,[한채원] 밥대신 파로 통곡물 즉석밥 24개,1,0,완제품,완제품,완제품,완제품,0.9998764018591993,manual
64755290,[홀베리] 엑스트라버진 유기농 올리브유 10+5박스 (210포),1,1,식재료,,식재료,식재료,0.9775524693293359,manual
64773580,[역시즌 특가][리오벨] 호주산 양모 100% FAUX 무스탕 하프 코트,1,0,완제품,완제품,완제품,완제품,0.9805894342821048,manual
64773807,[역시즌 특가][리오벨] 호주산 양모 100% FAUX 무스탕 롱 코트,1,0,완제품,완제품,완제품,완제품,0.9801721707229087,manual
64814219,[참좋은콩] 김석원 혼합낫또 (42개),1,1,식재료,식재료,식재료,식재료,0.9760810773036716,manual
64885463,[25년 수확] 영광농협 태청마루 청결고춧가루 1.5kg (500g X 3봉),1,1,식재료,식재료,식재료,식재료,0.9834905777249183,manual
64909350,(론칭기념구성)[쿠즈락]빵소빵소 회오리 핫도그(총 22봉),1,0,완제품,완제품,완제품,완제품,0.9999988993118912,manual
64955291,국내산 손질 갑오징어 100g  x 15팩(팩당 1마리),1,1,식재료,식재료,식재료,식재료,0.9821288520135303,manual
64962049,남해안 2025년 햇 대멸치 1.5kg X 2박스 (총 3kg),1,1,식재료,식재료,식재료,식재료,0.9851395210172075,manual
65195419,"[쿠즈락]소스담은 소떡소떡 7종 세트(각 2개씩, 총 14개)",1,0,완제품,완제품,완제품,완제품,0.9846739952960162,manual
65201706,한식천하 정애리 포기김치 10kg,1,1,식재료,,식재료,식재료,0.9766219921595852,manual
65264758,[NO팁 NO옵션]대한항공타고 떠나는 시드니&골드코스트&브리즈번 7일/9일(+탕갈루마리조트 2연박),1,1,식재료,,식재료,식재료,0.9673148297955109,manual
65268519,한식천하 정애리 포기김치 10kg,1,1,식재료,,식재료,식재료,0.9766219921595852,manual
65342678,[홀베리] 100%  유기농 레몬즙 10박스 + 레자몽 2박스,1,1,식재료,,식재료,식재료,0.982379988632195,manual
65346327,[한식천하] 총각김치 2kg,1,1,식재료,,식재료,식재료,0.9736366963637648,manual
65501364,한국민속촌 진한 한우갈비탕 700g x 9팩,1,0,완제품,완제품,완제품,완제품,0.9846039129503402,manual
65509396,[한울] (방송에서만 홈앤쇼핑 런칭기념 비빔나물 2팩) 김치도가 묵은지 고기 김치찌개 8팩 x 600g (총 4.8kg)2팩,1,1,식재료,식재료,식재료,식재료,0.9865226272310595,manual
65640819,[방송한정+삼색물김치][도미솔/총11kg]포기김치 8kg+ 열무김치 2kg+ 삼색물김치 1kg,1,1,식재료,,식재료,식재료,0.9728773927852714,manual
65686639,[홀베리] 엑스트라버진 유기농 올리브유 10박스 (210포),1,1,식재료,,식재료,식재료,0.9785211943202357,manual
65688660,닥터딜리온 이너뷰티 이온음료 샤인머스캣맛 1박스 + 패션후르츠맛 1박스 + 자몽맛 1박스 + 랜덤맛 1박스 + 전용보틀,1,0,완제품,완제품,완제품,완제품,0.9500088217044921,manual
65700549,(방송에서만)안문숙  포기김치 10kg+석박지 500g 추가,1,1,식재료,,식재료,식재료,0.9752489890346853,manual
65762743,[방송한정] 이순실의 평양냉면 21인분(면 21팩+육수10팩+비빔장11팩),1,0,완제품,완제품,완제품,완제품,0.991245975012473,manual
65924475,[25년 수확]강원도 영월농협 햇 청결 고춧가루 1.5kg,1,1,식재료,식재료,식재료,식재료,0.9810978642685572,manual
65924876,[25년 수확]강원도 영월농협 햇 청결 고춧가루 3kg,1,1,식재료,식재료,식재료,식재료,0.9806756927386239,manual
66033720,"[해동찬가]두번 구운 진도 곱창김 13봉(10매/봉, 총 130매)",1,1,식재료,,식재료,식재료,0.9781316617400099,manual
66053737,"[해동찬가]멸치세트(볶음용 150g x 3봉, 조림용 150g x  5봉, 총 8봉 1.2kg)",1,0,완제품,완제품,완제품,완제품,0.9862672228574261,manual
66110391,선우용여 마음담은 포기김치 6kg +갓석박지 2kg(총 8kg),1,1,식재료,,식재료,식재료,0.9793529889365601,manual
66136155,[방송에서만4박스더][올리브올라이브] 유기농 엑스트라버진 올리브유 12박스 (스페인 8+4박스),1,1,식재료,,식재료,식재료,0.9759175478425197,manual
66154505,[도미솔/총10.5kg] 사랑채포기김치10kg + 깻잎김치 500g,1,1,식재료,,식재료,식재료,0.9717950804390201,manual
66154612,[방송한정] 팽현숙의 옛날왕족발 세트 (순살족발 6팩+미니족발 2팩+마늘소스2팩+냉채소스2팩+매콤소스2팩+새우양념6팩),1,0,완제품,완제품,완제품,완제품,0.9922118160158123,manual
66339228,[도미솔/총10.5kg] 사랑채포기김치 7kg + 천수무 3kg + 깻잎김치 500g,1,1,식재료,,식재료,식재료,0.9804422585075984,manual
66364656,국내산 손질 갑오징어 100g  x 15팩(팩당 1마리),1,1,식재료,식재료,식재료,식재료,0.9821288520135303,manual
2131240634,수하동 한우암소 곰탕 10팩,1,0,완제품,완제품,완제품,완제품,0.986921320656403,manual
2131241292,수하동 한우암소 [특]곰탕 10팩,1,0,완제품,완제품,완제품,완제품,0.987790388042304,manual
2150205567,완도 자숙 손질전복 30미 총10팩 (전복내장 게우포함 1팩3미 80g),1,1,식재료,,식재료,식재료,0.9805293765622354,manual
2152675370,2025년 햇 경북산 청결 고춧가루 3kg(500g 6팩) + 청양 고춧가루 500g 1팩,1,1,식재료,식재료,식재료,식재료,0.9814962318861987,manual
2153050697,[2025년산 햇고추] 경북산 청결 햇 고춧가루 1.5kg(500g 3팩),1,1,식재료,식재료,식재료,식재료,0.9845433469867881,manual
2153050726,[2025년산 햇고추] 경북산 청결 햇 고춧가루 3kg(500g 6팩),1,1,식재료,식재료,식재료,식재료,0.9829631580386704,manual
2155541067,[이보은 건강밥상][사대부집곳간] 전통 부세 보리굴비 8팩,1,1,식재료,식재료,식재료,식재료,0.9722851326084346,manual
2206887923,여수 돌산 갓김치4kg + 고들빼기2kg,1,1,식재료,,식재료,식재료,0.976532949727988,manual
2207131894,[푸라닭치킨] 통닭다리구이 3종 세트 250gx13팩 (블랙알리오5+매콤악마4+파불로4),1,0,완제품,완제품,완제품,완제품,0.9894517362763157,manual
2210741428,농협안심한우 1++한우 실속 세트 1kg (등심200g +채끝200g +업진안살200g +불고기200g +국거리200g),1,0,완제품,완제품,완제품,완제품,0.9835807159369581,manual
2210912838,[미국 직수입] MD래쉬팩터 속눈썹 영양제 2.95ml 1+1구성 (2개),1,0,완제품,완제품,완제품,완제품,0.9841638380086654,manual
2210912855,[미국 직수입] MD래쉬팩터 속눈썹 영양제 2.95ml 2+2구성 (4개),1,0,완제품,완제품,완제품,완제품,0.984237164511082,manual
2211072179,더리얼  유기농 레몬즙 [20g x 14포 1박스 기준] x 12박스 (총 168포),1,1,식재료,,식재료,식재료,0.9851249840492255,manual
2211625192,[홀베리]100% 유기농 레몬즙 6박스x14포(84포),1,1,식재료,,식재료,식재료,0.9733873911620415,manual
2211638016,[홀베리]100% 유기농 레몬즙 4박스x14포(56포),1,1,식재료,,식재료,식재료,0.9727380735099888,manual
2212660330,옥스포드 스타 야생 블루베리 ,1,1,식재료,,식재료,식재료,0.9756421428029268,manual
2212782586,[홀베리]100% 유기농 레몬즙 12박스x14포(168포),1,1,식재료,,식재료,식재료,0.9732294611749621,manual
2216853278,닥터린 유기농 NFC 레몬즙 12박스+2박스,1,1,식재료,,식재료,식재료,0.9774981427299191,manual
2216853838,닥터린 유기농 NFC 레몬즙 6박스+1박스,1,1,식재료,,식재료,식재료,0.977567072809273,manual
2221330789,[홀베리]유기농 레몬생강즙 12박스(168포) 더블구성,1,1,식재료,,식재료,식재료,0.973247734986404,manual
2221331023,[홀베리]유기농 레몬생강즙 6박스(84포) 싱글구성,1,1,식재료,,식재료,식재료,0.9736997972042579,manual
2221856244,[2025년산 햇고추] 태양초 청결 햇 고춧가루 1.5kg(500g 3팩),1,1,식재료,식재료,식재료,식재료,0.9847073875041068,manual
2221856410,[2025년산 햇고추] 태양초 청결 햇 고춧가루 3kg(500g 6팩),1,1,식재료,식재료,식재료,식재료,0.983151297971277,manual
2226439154,[완전두유] 검은콩 고칼슘 두유 100팩,1,1,식재료,식재료,식재료,식재료,0.9790006213444986,manual
2226439473,[완전두유] 검은콩 고칼슘 두유 100팩,1,1,식재료,식재료,식재료,식재료,0.9790006213444986,manual
2228753044,홀베리 아침엔클렌즈 유기농 CCA 주스_8박스,1,0,완제품,완제품,완제품,완제품,0.986922957567939,manual
2228754073,홀베리 아침엔클렌즈 유기농 CCA 주스_4박스,1,0,완제품,완제품,완제품,완제품,0.9869157211127105,manual
2228754474,홀베리 1일1당근 유기농 당근주스_8박스,1,0,완제품,완제품,완제품,완제품,0.9880942366922266,manual
2228754856,홀베리 1일1당근 유기농 당근주스_4박스,1,0,완제품,완제품,완제품,완제품,0.9880631014634872,manual
2228754952,홀베리 유기농 양배추즙_8박스,1,1,식재료,,식재료,식재료,0.9757027598189385,manual
2228754968,홀베리 유기농 양배추즙_4박스,1,1,식재료,,식재료,식재료,0.9757108477141433,manual
2228864725,조선호텔 眞 포기김치 10kg,1,1,식재료,,식재료,식재료,0.9778885165866646,manual
2230395047,[가시제거]박정수 올바른가 순살갈치 40팩+비법양념,1,1,식재료,식재료,식재료,식재료,0.974692015767732,manual
2231891593,[방송에서만+2팩] 완도 자숙 다시마 손질전복 36미 총 12팩(전복내장포함),1,1,식재료,식재료,식재료,식재료,0.9812350947870726,manual
2232062394,[미국 직수입] MD래쉬팩터 속눈썹 영양제 2.95ml 1개 ,1,0,완제품,완제품,완제품,완제품,0.9847959350272385,manual
2232529795,베네팜 유기농 곱슬케일 컬리케일분말 1박스 (2g x 25포),1,1,식재료,,식재료,식재료,0.9806711962301407,manual
2233153466,[황쇼패키지] 농협안심한우 1++ 한우 프리미엄 세트 1kg (꽃갈비살 +등심 +채끝 +업진안살 +불고기),1,0,완제품,완제품,완제품,완제품,0.9761710421546975,manual
2233195410,[홀베리]100% 유기농 레몬자몽즙 12박스(168포) 더블구성,1,1,식재료,,식재료,식재료,0.9762741344712018,manual
2233195454,[홀베리]100% 유기농 레몬자몽즙 6박스(84포) 싱글구성,1,1,식재료,,식재료,식재료,0.9764512617452411,manual
2233208879,저칼로리 우리콩 두부면 세트(두부면 25봉+비빔소스 15개+메밀소스 10개),1,0,완제품,완제품,완제품,완제품,0.9928585485863656,manual
2233341083,[방송에서만] 유기농 엑스트라버진 올리브유 12+1+1박스 (총 14박스),1,1,식재료,,식재료,식재료,0.9790894498400154,manual
2233341177,유기농 엑스트라버진 올리브유 6박스,1,1,식재료,,식재료,식재료,0.9778606538803093,manual
2233363992,김오곤 원장의 한방 다이어트환 4+1박스(총10주분),1,1,식재료,,식재료,식재료,0.9743716220825075,manual
2233428447,[방송에서만]감동까스 등심돈까스 120g 12팩+치즈돈까스 120g 4팩 + 소스 8개,1,1,식재료,,식재료,식재료,0.9783205705249628,manual
2233854620,H뉴트리디데이 유기농 레몬엔석류 100% 1박스 14포,1,1,식재료,,식재료,식재료,0.9779290816204823,manual
2234746480,베네팜 유기농 곱슬케일 컬리케일분말 10박스(2g x 250포) + 전용보틀,1,1,식재료,,식재료,식재료,0.9810048248853357,manual
2234845401,[방송에서만 50%세일]홀베리 100% 유기농 레몬즙 12박스 (168포) ,1,1,식재료,,식재료,식재료,0.9810346511423845,manual
2234926781,베네팜 유기농 곱슬케일 컬리케일분말 5박스(2g x 125포) + 전용보틀,1,1,식재료,,식재료,식재료,0.9806403650480515,manual
2235168820,[인기][한국제일도] 더 프리미엄 5종 풀세트,1,0,완제품,완제품,완제품,완제품,0.9869379579562382,manual
2235212963,감동까스 등심돈까스 120g 8팩 + 소스 8개,1,1,식재료,,식재료,식재료,0.9783622346797154,manual
2235276912,올리브 올라이브 아침엔 유기농 엑스트라버진 올리브오일 100% 8+4박스,1,1,식재료,,식재료,식재료,0.9808689703288427,manual
2235482958,올리브 올라이브 아침엔 유기농 엑스트라버진 올리브오일 100% 4박스,1,1,식재료,,식재료,식재료,0.9812790753603053,manual
2235961889,[어랑진] 제주生고사리 300g 5팩,1,1,식재료,식재료,식재료,식재료,0.9773701631028034,manual
2236010361,[홀베리]100% 유기농 레몬즙 2박스x14포(28포) ,1,1,식재료,,식재료,식재료,0.972845287303857,manual
2236188453,국내산 참진한 프리미엄 흑염소 진액 1박스(30포),1,1,식재료,,식재료,식재료,0.9787912858462361,manual
2236188598,[비밀상점] 국내산 참진한 프리미엄 흑염소 진액 6박스(총180포),1,1,식재료,,식재료,식재료,0.9795773975780215,manual
2236188667,[비밀상점] 참진 바로환 차전자피 PLUS 다이어트 4박스(112포),1,0,완제품,완제품,완제품,완제품,0.9858105941236731,manual
2236188687,[비밀상점] 참진 바로환 차전자피 PLUS 다이어트 1박스(28포),1,0,완제품,완제품,완제품,완제품,0.9854765796156428,manual
2236231010,[백년농가] 박나래PICK 바나듐쌀 바나듐뿍제로쌀 350g 40봉,1,1,식재료,식재료,식재료,식재료,0.9783337245437088,manual
2236231014,[백년농가] 박나래PICK 바나듐쌀 바나듐뿍제로쌀 350g 20봉,1,1,식재료,식재료,식재료,식재료,0.9789771893336794,manual
2236381450,[50%세일] 바디랩 유기농 레몬즙 14박스(196포),1,1,식재료,,식재료,식재료,0.9758476311001512,manual
2236471837,[이롬] 유기농 CCA 주스 80팩 (4박스 x 20팩)(체험분 3팩 포함),1,0,완제품,완제품,완제품,완제품,0.9734748365286919,manual
2236489226,[최상위등급] 뉴밋 유기농 엑스트라버진 올리브오일 피쿠알 100% 10박스(140포),1,1,식재료,,식재료,식재료,0.9791177632700601,manual
2236490294,[비밀상점] 뉴밋 유기농 엑스트라버진 올리브오일 피쿠알 100% 1박스(14포),1,1,식재료,,식재료,식재료,0.9799126873001436,manual
2236555828,[방송에서만] 뉴밋 유기농 엑스트라버진 올리브오일 피쿠알 100% 10+5박스(210포),1,1,식재료,,식재료,식재료,0.9795473475179605,manual
2236709159,[방송에서만]옥주부 New 돈까스 4종 18팩 (등심4/안심4/치즈5/치즈치킨5),1,1,식재료,,식재료,식재료,0.972277586597534,manual
2237028442,[탄탄] 국내생산 30년 특허받은 탄탄 빨래건조대 XL (특대),1,1,식재료,,식재료,식재료,0.9796547017596889,manual
2237080397,감동까스 등심돈까스 120g 2팩 + 치즈돈까스 120g 2팩,1,1,식재료,,식재료,식재료,0.9803974334637049,manual
2237127154,[70% 세일]더리얼  유기농 레몬즙 [20g x 14포 1박스 기준] x 12박스 (총 168포),1,1,식재료,,식재료,식재료,0.9850895094134281,manual
2237557066,H[50%세일] 뉴트리디데이 유기농 레몬엔석류 100% 14박스(총 196포),1,1,식재료,,식재료,식재료,0.9780670828958907,manual
2237837027,푸른찬 국내산 손질 삼치 총 2.5kg 세트 (팩 당 200∼250g),1,0,완제품,완제품,완제품,완제품,0.975245310805729,manual
2237871877,제주家마당 순살생선 2종(고등어 100g x 12팩+손질은갈치살 250g x 3팩),1,1,식재료,식재료,식재료,식재료,0.9798739647903788,manual
2237876688,[모두의 맛집] 소문난 원조 조방낙지 낙곱새 8팩 ,1,1,식재료,식재료,식재료,식재료,0.9807950897831187,manual
2237883920,(총 300포) 뉴트리원 폴란드 유기농 컬리케일 곱슬케일 100 10박스,1,1,식재료,,식재료,식재료,0.9821229190822128,manual
2237884201,(총 150포) 뉴트리원 폴란드 유기농 컬리케일 곱슬케일 100 5박스,1,1,식재료,,식재료,식재료,0.9813718960701241,manual
2237885371,베키아에누보 치아바타 샌드위치 23개(바질모짜3/바질토마토치즈6/페퍼로니6/올리브8),1,0,완제품,완제품,완제품,완제품,0.9912878240794057,manual
2237914581,[삼육두유] 검은콩과칼슘 20팩 3박스 + 검은콩과우리22곡 20팩 2박스(총 100팩),1,1,식재료,식재료,식재료,식재료,0.978593457425358,manual
2238146904,[방송에서만5+5] 팔레오 클린즈 유기농 컬리 케일 100,1,1,식재료,,식재료,식재료,0.9795156966230856,manual
2238171374,뉴트리원 유기농 데일리 엑스트라버진 올리브오일 피쿠알 100% 12박스,1,1,식재료,,식재료,식재료,0.9812198286838547,manual
2238229493,[순수식품] 유기농 양배추 케일즙 3+3박스(총 180포),1,1,식재료,,식재료,식재료,0.9779656801143694,manual
2238366950,[코우카키스]그릭요거트 5종 18팩 패키지(오리지널/무지방/딸기/복숭아/블루베리),1,1,식재료,,식재료,식재료,0.9588615066249622,manual
2238388776,[방송에서만][프리메로] 유기농 엑스트라버진 올리브오일 8박스+4박스(총168포),1,1,식재료,,식재료,식재료,0.9714231229158781,manual
2238507333,(단품) 뉴트리원 폴란드 유기농 컬리케일 곱슬케일 100 1박스,1,1,식재료,,식재료,식재료,0.9801546152253137,manual
2238515359,[2025년산 햇고추] 국내산 청결 햇 고춧가루 1.5kg(500g 3팩),1,1,식재료,식재료,식재료,식재료,0.9857244674755354,manual
2238515563,2025년 햇 국내산 청결 고춧가루 3kg(500g 6팩) + 청양 고춧가루 500g 1팩,1,1,식재료,식재료,식재료,식재료,0.9825474911360376,manual
2238515687,[2025년산 햇고추] 국내산 청결 햇 고춧가루 3kg(500g 6팩),1,1,식재료,식재료,식재료,식재료,0.9842759557204186,manual
2239038986,--[방송에서만][프리메로] 유기농 엑스트라버진 올리브오일 8박스+4박스(총168포),1,1,식재료,,식재료,식재료,0.9702138126804338,manual
2239107276,[제철엔] 남안동농협 안동 햇 고춧가루 4kg (500g x 8봉) + 찹쌀 고추장,1,1,식재료,식재료,식재료,식재료,0.9743723097648956,manual
2239137184,[50%세일] 순수식품 유기농 양배추 케일즙 3+3박스(총 180포),1,1,식재료,,식재료,식재료,0.9793402462728126,manual
2239154990,[제철엔] 남안동농협 안동 햇 고춧가루 2kg (500g x 4봉),1,1,식재료,식재료,식재료,식재료,0.9844989736545234,manual
